BEGIN TRANSACTION;
CREATE TABLE "core_store" ("id" integer not null primary key autoincrement, "key" varchar(255) null, "value" text null, "type" varchar(255) null, "environment" varchar(255) null, "tag" varchar(255) null);
INSERT INTO core_store VALUES(1,'db_model_core_store','{"key":{"type":"string"},"value":{"type":"text"},"type":{"type":"string"},"environment":{"type":"string"},"tag":{"type":"string"}}','object',NULL,NULL);
INSERT INTO core_store VALUES(2,'db_model_strapi_webhooks','{"name":{"type":"string"},"url":{"type":"text"},"headers":{"type":"json"},"events":{"type":"json"},"enabled":{"type":"boolean"}}','object',NULL,NULL);
INSERT INTO core_store VALUES(3,'db_model_strapi_administrator','{"username":{"type":"string","minLength":3,"unique":true,"configurable":false,"required":true},"email":{"type":"email","minLength":6,"configurable":false,"required":true},"password":{"type":"password","minLength":6,"configurable":false,"private":true,"required":true},"resetPasswordToken":{"type":"string","configurable":false,"private":true},"blocked":{"type":"boolean","default":false,"configurable":false}}','object',NULL,NULL);
INSERT INTO core_store VALUES(4,'db_model_users-permissions_permission','{"type":{"type":"string","required":true,"configurable":false},"controller":{"type":"string","required":true,"configurable":false},"action":{"type":"string","required":true,"configurable":false},"enabled":{"type":"boolean","required":true,"configurable":false},"policy":{"type":"string","configurable":false},"role":{"model":"role","via":"permissions","plugin":"users-permissions","configurable":false}}','object',NULL,NULL);
INSERT INTO core_store VALUES(5,'db_model_users-permissions_role','{"name":{"type":"string","minLength":3,"required":true,"configurable":false},"description":{"type":"string","configurable":false},"type":{"type":"string","unique":true,"configurable":false},"permissions":{"collection":"permission","via":"role","plugin":"users-permissions","configurable":false,"isVirtual":true},"users":{"collection":"user","via":"role","configurable":false,"plugin":"users-permissions","isVirtual":true}}','object',NULL,NULL);
INSERT INTO core_store VALUES(6,'db_model_users-permissions_user','{"username":{"type":"string","minLength":3,"unique":true,"configurable":false,"required":true},"email":{"type":"email","minLength":6,"configurable":false,"required":true},"provider":{"type":"string","configurable":false},"password":{"type":"password","minLength":6,"configurable":false,"private":true},"resetPasswordToken":{"type":"string","configurable":false,"private":true},"confirmed":{"type":"boolean","default":false,"configurable":false},"blocked":{"type":"boolean","default":false,"configurable":false},"role":{"model":"role","via":"users","plugin":"users-permissions","configurable":false},"created_at":{"type":"currentTimestamp"},"updated_at":{"type":"currentTimestamp"}}','object',NULL,NULL);
INSERT INTO core_store VALUES(7,'db_model_upload_file','{"name":{"type":"string","configurable":false,"required":true},"alternativeText":{"type":"string","configurable":false},"caption":{"type":"string","configurable":false},"width":{"type":"integer","configurable":false},"height":{"type":"integer","configurable":false},"formats":{"type":"json","configurable":false},"hash":{"type":"string","configurable":false,"required":true},"ext":{"type":"string","configurable":false},"mime":{"type":"string","configurable":false,"required":true},"size":{"type":"decimal","configurable":false,"required":true},"url":{"type":"string","configurable":false,"required":true},"previewUrl":{"type":"string","configurable":false},"provider":{"type":"string","configurable":false,"required":true},"provider_metadata":{"type":"json","configurable":false},"related":{"collection":"*","filter":"field","configurable":false},"created_at":{"type":"currentTimestamp"},"updated_at":{"type":"currentTimestamp"}}','object',NULL,NULL);
INSERT INTO core_store VALUES(8,'db_model_upload_file_morph','{"upload_file_id":{"type":"integer"},"related_id":{"type":"integer"},"related_type":{"type":"text"},"field":{"type":"text"},"order":{"type":"integer"}}','object',NULL,NULL);
INSERT INTO core_store VALUES(9,'plugin_users-permissions_grant','{"email":{"enabled":true,"icon":"envelope"},"discord":{"enabled":false,"icon":"discord","key":"","secret":"","callback":"/auth/discord/callback","scope":["identify","email"]},"facebook":{"enabled":false,"icon":"facebook-square","key":"","secret":"","callback":"/auth/facebook/callback","scope":["email"]},"google":{"enabled":false,"icon":"google","key":"","secret":"","callback":"/auth/google/callback","scope":["email"]},"github":{"enabled":false,"icon":"github","key":"","secret":"","callback":"/auth/github/callback","scope":["user","user:email"]},"microsoft":{"enabled":false,"icon":"windows","key":"","secret":"","callback":"/auth/microsoft/callback","scope":["user.read"]},"twitter":{"enabled":false,"icon":"twitter","key":"","secret":"","callback":"/auth/twitter/callback"},"instagram":{"enabled":false,"icon":"instagram","key":"","secret":"","callback":"/auth/instagram/callback"},"vk":{"enabled":false,"icon":"vk","key":"","secret":"","callback":"/auth/vk/callback","scope":["email"]},"twitch":{"enabled":false,"icon":"twitch","key":"","secret":"","callback":"/auth/twitch/callback","scope":["user:read:email"]}}','object','','');
INSERT INTO core_store VALUES(10,'plugin_upload_settings','{"sizeOptimization":true,"responsiveDimensions":true}','object','development','');
INSERT INTO core_store VALUES(11,'plugin_content_manager_configuration_content_types::plugins::users-permissions.permission','{"uid":"plugins::users-permissions.permission","settings":{"bulkable":true,"filterable":true,"searchable":true,"pageSize":10,"mainField":"type","defaultSortBy":"type","defaultSortOrder":"ASC"},"metadatas":{"id":{"edit":{},"list":{"label":"Id","searchable":true,"sortable":true}},"type":{"edit":{"label":"Type","description":"","placeholder":"","visible":true,"editable":true},"list":{"label":"Type","searchable":true,"sortable":true}},"controller":{"edit":{"label":"Controller","description":"","placeholder":"","visible":true,"editable":true},"list":{"label":"Controller","searchable":true,"sortable":true}},"action":{"edit":{"label":"Action","description":"","placeholder":"","visible":true,"editable":true},"list":{"label":"Action","searchable":true,"sortable":true}},"enabled":{"edit":{"label":"Enabled","description":"","placeholder":"","visible":true,"editable":true},"list":{"label":"Enabled","searchable":true,"sortable":true}},"policy":{"edit":{"label":"Policy","description":"","placeholder":"","visible":true,"editable":true},"list":{"label":"Policy","searchable":true,"sortable":true}},"role":{"edit":{"label":"Role","description":"","placeholder":"","visible":true,"editable":true,"mainField":"name"},"list":{"label":"Role","searchable":false,"sortable":false}}},"layouts":{"list":["id","type","controller","action"],"editRelations":["role"],"edit":[[{"name":"type","size":6},{"name":"controller","size":6}],[{"name":"action","size":6},{"name":"enabled","size":4}],[{"name":"policy","size":6}]]}}','object','','');
INSERT INTO core_store VALUES(12,'plugin_content_manager_configuration_content_types::plugins::users-permissions.role','{"uid":"plugins::users-permissions.role","settings":{"bulkable":true,"filterable":true,"searchable":true,"pageSize":10,"mainField":"name","defaultSortBy":"name","defaultSortOrder":"ASC"},"metadatas":{"id":{"edit":{},"list":{"label":"Id","searchable":true,"sortable":true}},"name":{"edit":{"label":"Name","description":"","placeholder":"","visible":true,"editable":true},"list":{"label":"Name","searchable":true,"sortable":true}},"description":{"edit":{"label":"Description","description":"","placeholder":"","visible":true,"editable":true},"list":{"label":"Description","searchable":true,"sortable":true}},"type":{"edit":{"label":"Type","description":"","placeholder":"","visible":true,"editable":true},"list":{"label":"Type","searchable":true,"sortable":true}},"permissions":{"edit":{"label":"Permissions","description":"","placeholder":"","visible":true,"editable":true,"mainField":"type"},"list":{"label":"Permissions","searchable":false,"sortable":false}},"users":{"edit":{"label":"Users","description":"","placeholder":"","visible":true,"editable":true,"mainField":"username"},"list":{"label":"Users","searchable":false,"sortable":false}}},"layouts":{"list":["id","name","description","type"],"editRelations":["permissions","users"],"edit":[[{"name":"name","size":6},{"name":"description","size":6}],[{"name":"type","size":6}]]}}','object','','');
INSERT INTO core_store VALUES(13,'plugin_content_manager_configuration_content_types::plugins::upload.file','{"uid":"plugins::upload.file","settings":{"bulkable":true,"filterable":true,"searchable":true,"pageSize":10,"mainField":"name","defaultSortBy":"name","defaultSortOrder":"ASC"},"metadatas":{"id":{"edit":{},"list":{"label":"Id","searchable":true,"sortable":true}},"name":{"edit":{"label":"Name","description":"","placeholder":"","visible":true,"editable":true},"list":{"label":"Name","searchable":true,"sortable":true}},"alternativeText":{"edit":{"label":"AlternativeText","description":"","placeholder":"","visible":true,"editable":true},"list":{"label":"AlternativeText","searchable":true,"sortable":true}},"caption":{"edit":{"label":"Caption","description":"","placeholder":"","visible":true,"editable":true},"list":{"label":"Caption","searchable":true,"sortable":true}},"width":{"edit":{"label":"Width","description":"","placeholder":"","visible":true,"editable":true},"list":{"label":"Width","searchable":true,"sortable":true}},"height":{"edit":{"label":"Height","description":"","placeholder":"","visible":true,"editable":true},"list":{"label":"Height","searchable":true,"sortable":true}},"formats":{"edit":{"label":"Formats","description":"","placeholder":"","visible":true,"editable":true},"list":{"label":"Formats","searchable":false,"sortable":false}},"hash":{"edit":{"label":"Hash","description":"","placeholder":"","visible":true,"editable":true},"list":{"label":"Hash","searchable":true,"sortable":true}},"ext":{"edit":{"label":"Ext","description":"","placeholder":"","visible":true,"editable":true},"list":{"label":"Ext","searchable":true,"sortable":true}},"mime":{"edit":{"label":"Mime","description":"","placeholder":"","visible":true,"editable":true},"list":{"label":"Mime","searchable":true,"sortable":true}},"size":{"edit":{"label":"Size","description":"","placeholder":"","visible":true,"editable":true},"list":{"label":"Size","searchable":true,"sortable":true}},"url":{"edit":{"label":"Url","description":"","placeholder":"","visible":true,"editable":true},"list":{"label":"Url","searchable":true,"sortable":true}},"previewUrl":{"edit":{"label":"PreviewUrl","description":"","placeholder":"","visible":true,"editable":true},"list":{"label":"PreviewUrl","searchable":true,"sortable":true}},"provider":{"edit":{"label":"Provider","description":"","placeholder":"","visible":true,"editable":true},"list":{"label":"Provider","searchable":true,"sortable":true}},"provider_metadata":{"edit":{"label":"Provider_metadata","description":"","placeholder":"","visible":true,"editable":true},"list":{"label":"Provider_metadata","searchable":false,"sortable":false}},"related":{"edit":{"label":"Related","description":"","placeholder":"","visible":true,"editable":true,"mainField":"id"},"list":{"label":"Related","searchable":false,"sortable":false}},"created_at":{"edit":{"label":"Created_at","description":"","placeholder":"","visible":false,"editable":true},"list":{"label":"Created_at","searchable":true,"sortable":true}},"updated_at":{"edit":{"label":"Updated_at","description":"","placeholder":"","visible":false,"editable":true},"list":{"label":"Updated_at","searchable":true,"sortable":true}}},"layouts":{"list":["id","name","alternativeText","caption"],"editRelations":["related"],"edit":[[{"name":"name","size":6},{"name":"alternativeText","size":6}],[{"name":"caption","size":6},{"name":"width","size":4}],[{"name":"height","size":4}],[{"name":"formats","size":12}],[{"name":"hash","size":6},{"name":"ext","size":6}],[{"name":"mime","size":6},{"name":"size","size":4}],[{"name":"url","size":6},{"name":"previewUrl","size":6}],[{"name":"provider","size":6}],[{"name":"provider_metadata","size":12}]]}}','object','','');
INSERT INTO core_store VALUES(14,'plugin_content_manager_configuration_content_types::strapi::administrator','{"uid":"strapi::administrator","settings":{"bulkable":true,"filterable":true,"searchable":true,"pageSize":10,"mainField":"username","defaultSortBy":"username","defaultSortOrder":"ASC"},"metadatas":{"id":{"edit":{},"list":{"label":"Id","searchable":true,"sortable":true}},"username":{"edit":{"label":"Username","description":"","placeholder":"","visible":true,"editable":true},"list":{"label":"Username","searchable":true,"sortable":true}},"email":{"edit":{"label":"Email","description":"","placeholder":"","visible":true,"editable":true},"list":{"label":"Email","searchable":true,"sortable":true}},"password":{"edit":{"label":"Password","description":"","placeholder":"","visible":true,"editable":true},"list":{"label":"Password","searchable":true,"sortable":true}},"resetPasswordToken":{"edit":{"label":"ResetPasswordToken","description":"","placeholder":"","visible":false,"editable":true},"list":{"label":"ResetPasswordToken","searchable":true,"sortable":true}},"blocked":{"edit":{"label":"Blocked","description":"","placeholder":"","visible":true,"editable":true},"list":{"label":"Blocked","searchable":true,"sortable":true}}},"layouts":{"list":["id","username","email","blocked"],"editRelations":[],"edit":[[{"name":"username","size":6},{"name":"email","size":6}],[{"name":"password","size":6},{"name":"blocked","size":4}]]}}','object','','');
INSERT INTO core_store VALUES(15,'plugin_content_manager_configuration_content_types::plugins::users-permissions.user','{"uid":"plugins::users-permissions.user","settings":{"bulkable":true,"filterable":true,"searchable":true,"pageSize":10,"mainField":"username","defaultSortBy":"username","defaultSortOrder":"ASC"},"metadatas":{"id":{"edit":{},"list":{"label":"Id","searchable":true,"sortable":true}},"username":{"edit":{"label":"Username","description":"","placeholder":"","visible":true,"editable":true},"list":{"label":"Username","searchable":true,"sortable":true}},"email":{"edit":{"label":"Email","description":"","placeholder":"","visible":true,"editable":true},"list":{"label":"Email","searchable":true,"sortable":true}},"provider":{"edit":{"label":"Provider","description":"","placeholder":"","visible":false,"editable":true},"list":{"label":"Provider","searchable":true,"sortable":true}},"password":{"edit":{"label":"Password","description":"","placeholder":"","visible":true,"editable":true},"list":{"label":"Password","searchable":true,"sortable":true}},"resetPasswordToken":{"edit":{"label":"ResetPasswordToken","description":"","placeholder":"","visible":false,"editable":true},"list":{"label":"ResetPasswordToken","searchable":true,"sortable":true}},"confirmed":{"edit":{"label":"Confirmed","description":"","placeholder":"","visible":true,"editable":true},"list":{"label":"Confirmed","searchable":true,"sortable":true}},"blocked":{"edit":{"label":"Blocked","description":"","placeholder":"","visible":true,"editable":true},"list":{"label":"Blocked","searchable":true,"sortable":true}},"role":{"edit":{"label":"Role","description":"","placeholder":"","visible":true,"editable":true,"mainField":"name"},"list":{"label":"Role","searchable":false,"sortable":false}},"created_at":{"edit":{"label":"Created_at","description":"","placeholder":"","visible":false,"editable":true},"list":{"label":"Created_at","searchable":true,"sortable":true}},"updated_at":{"edit":{"label":"Updated_at","description":"","placeholder":"","visible":false,"editable":true},"list":{"label":"Updated_at","searchable":true,"sortable":true}}},"layouts":{"list":["id","username","email","confirmed"],"editRelations":["role"],"edit":[[{"name":"username","size":6},{"name":"email","size":6}],[{"name":"password","size":6},{"name":"confirmed","size":4}],[{"name":"blocked","size":4}]]}}','object','','');
INSERT INTO core_store VALUES(16,'plugin_users-permissions_email','{"reset_password":{"display":"Email.template.reset_password","icon":"sync","options":{"from":{"name":"Administration Panel","email":"no-reply@strapi.io"},"response_email":"","object":"Reset password","message":"<p>We heard that you lost your password. Sorry about that!</p>\n\n<p>But don’t worry! You can use the following link to reset your password:</p>\n<p><%= URL %>?code=<%= TOKEN %></p>\n\n<p>Thanks.</p>"}},"email_confirmation":{"display":"Email.template.email_confirmation","icon":"check-square","options":{"from":{"name":"Administration Panel","email":"no-reply@strapi.io"},"response_email":"","object":"Account confirmation","message":"<p>Thank you for registering!</p>\n\n<p>You have to confirm your email address. Please click on the link below.</p>\n\n<p><%= URL %>?confirmation=<%= CODE %></p>\n\n<p>Thanks.</p>"}}}','object','','');
INSERT INTO core_store VALUES(17,'plugin_users-permissions_advanced','{"unique_email":true,"allow_register":true,"email_confirmation":false,"email_confirmation_redirection":"/admin/admin","email_reset_password":"/admin/admin","default_role":"authenticated"}','object','','');
INSERT INTO core_store VALUES(18,'db_model_components_slices_heroes','{"title":{"type":"string"},"label":{"type":"string"},"description":{"type":"string"},"picture":{"model":"file","via":"related","allowedTypes":["images"],"plugin":"upload","required":false},"smallTextWithLink":{"type":"richtext"},"buttons":{"type":"component","repeatable":true,"component":"links.button"}}','object',NULL,NULL);
INSERT INTO core_store VALUES(19,'db_model_homepages','{"slices":{"type":"dynamiczone","components":["sections.hero","sections.large-video","sections.feature-columns-group","elements.feature-column","elements.feature-row","sections.feature-rows-group","sections.bottom-actions","sections.testimonials-group"]},"metadata":{"type":"component","repeatable":false,"component":"meta.metadata"},"created_at":{"type":"currentTimestamp"},"updated_at":{"type":"currentTimestamp"}}','object',NULL,NULL);
INSERT INTO core_store VALUES(22,'db_model_components_links_buttons','{"url":{"type":"string"},"newTab":{"type":"boolean","default":false},"text":{"type":"string"},"type":{"type":"enumeration","enum":["primary","secondary"]}}','object',NULL,NULL);
INSERT INTO core_store VALUES(23,'plugin_content_manager_configuration_components::links.button','{"uid":"links.button","isComponent":true,"settings":{"bulkable":true,"filterable":true,"searchable":true,"pageSize":10,"mainField":"text","defaultSortBy":"url","defaultSortOrder":"ASC"},"metadatas":{"id":{"edit":{},"list":{"label":"Id","searchable":false,"sortable":false}},"url":{"edit":{"label":"Url","description":"","placeholder":"","visible":true,"editable":true},"list":{"label":"Url","searchable":true,"sortable":true}},"newTab":{"edit":{"label":"NewTab","description":"","placeholder":"","visible":true,"editable":true},"list":{"label":"NewTab","searchable":true,"sortable":true}},"text":{"edit":{"label":"Text","description":"","placeholder":"","visible":true,"editable":true},"list":{"label":"Text","searchable":true,"sortable":true}},"type":{"edit":{"label":"Type","description":"","placeholder":"","visible":true,"editable":true},"list":{"label":"Type","searchable":true,"sortable":true}}},"layouts":{"list":["id","newTab","url","type"],"edit":[[{"name":"newTab","size":4},{"name":"text","size":6}],[{"name":"url","size":6},{"name":"type","size":6}]],"editRelations":[]}}','object','','');
INSERT INTO core_store VALUES(24,'db_model_components_links_links','{"url":{"type":"string"},"newTab":{"type":"boolean","default":false},"text":{"type":"string"}}','object',NULL,NULL);
INSERT INTO core_store VALUES(25,'plugin_content_manager_configuration_components::links.link','{"uid":"links.link","isComponent":true,"settings":{"bulkable":true,"filterable":true,"searchable":true,"pageSize":10,"mainField":"text","defaultSortBy":"url","defaultSortOrder":"ASC"},"metadatas":{"id":{"edit":{},"list":{"label":"Id","searchable":false,"sortable":false}},"url":{"edit":{"label":"Url","description":"","placeholder":"","visible":true,"editable":true},"list":{"label":"Url","searchable":true,"sortable":true}},"newTab":{"edit":{"label":"NewTab","description":"","placeholder":"","visible":true,"editable":true},"list":{"label":"NewTab","searchable":true,"sortable":true}},"text":{"edit":{"label":"Text","description":"","placeholder":"","visible":true,"editable":true},"list":{"label":"Text","searchable":true,"sortable":true}}},"layouts":{"list":["id","newTab","text","url"],"edit":[[{"name":"newTab","size":4}],[{"name":"text","size":6},{"name":"url","size":6}]],"editRelations":[]}}','object','','');
INSERT INTO core_store VALUES(26,'db_model_components_slices_large_videos','{"title":{"type":"string"},"description":{"type":"string"},"video":{"model":"file","via":"related","allowedTypes":["videos"],"plugin":"upload","required":true},"poster":{"model":"file","via":"related","allowedTypes":["images"],"plugin":"upload","required":false}}','object',NULL,NULL);
INSERT INTO core_store VALUES(28,'db_model_components_slices_feature_columns_groups','{"features":{"type":"component","repeatable":true,"component":"elements.feature-column"}}','object',NULL,NULL);
INSERT INTO core_store VALUES(30,'db_model_components_slices_feature_columns','{"title":{"type":"string"},"description":{"type":"text"},"icon":{"model":"file","via":"related","allowedTypes":["images"],"plugin":"upload","required":false}}','object',NULL,NULL);
INSERT INTO core_store VALUES(32,'db_model_components_slices_feature_rows','{"title":{"type":"string"},"description":{"type":"text"},"media":{"model":"file","via":"related","allowedTypes":["images","videos"],"plugin":"upload","required":false},"link":{"type":"component","repeatable":false,"component":"links.link"}}','object',NULL,NULL);
INSERT INTO core_store VALUES(34,'db_model_components_slices_feature_rows_groups','{"features":{"type":"component","repeatable":true,"component":"elements.feature-row"}}','object',NULL,NULL);
INSERT INTO core_store VALUES(36,'db_model_components_slices_bottom_actions','{"title":{"type":"string"},"buttons":{"type":"component","repeatable":true,"component":"links.button"}}','object',NULL,NULL);
INSERT INTO core_store VALUES(38,'db_model_components_slices_testimonials','{"logo":{"model":"file","via":"related","allowedTypes":["images"],"plugin":"upload","required":false},"picture":{"model":"file","via":"related","allowedTypes":["images"],"plugin":"upload","required":false},"text":{"type":"text"},"authorName":{"type":"string"},"authorTitle":{"type":"string"},"link":{"type":"string"}}','object',NULL,NULL);
INSERT INTO core_store VALUES(40,'db_model_components_elements_logos','{"title":{"type":"string"},"logo":{"model":"file","via":"related","allowedTypes":["images"],"plugin":"upload","required":false}}','object',NULL,NULL);
INSERT INTO core_store VALUES(41,'db_model_components_slices_testimonials_groups','{"title":{"type":"string"},"description":{"type":"text"},"link":{"type":"component","repeatable":false,"component":"links.link"},"logos":{"type":"component","repeatable":true,"component":"elements.logos"},"testimonials":{"type":"component","repeatable":true,"component":"elements.testimonial"}}','object',NULL,NULL);
INSERT INTO core_store VALUES(42,'plugin_content_manager_configuration_components::elements.logos','{"uid":"elements.logos","isComponent":true,"settings":{"bulkable":true,"filterable":true,"searchable":true,"pageSize":10,"mainField":"title","defaultSortBy":"title","defaultSortOrder":"ASC"},"metadatas":{"id":{"edit":{},"list":{"label":"Id","searchable":false,"sortable":false}},"title":{"edit":{"label":"Title","description":"","placeholder":"","visible":true,"editable":true},"list":{"label":"Title","searchable":true,"sortable":true}},"logo":{"edit":{"label":"Logo","description":"","placeholder":"","visible":true,"editable":true},"list":{"label":"Logo","searchable":false,"sortable":false}}},"layouts":{"list":["id","title","logo"],"edit":[[{"name":"title","size":6},{"name":"logo","size":6}]],"editRelations":[]}}','object','','');
INSERT INTO core_store VALUES(44,'plugin_documentation_config','{"restrictedAccess":false}','object','','');
INSERT INTO core_store VALUES(45,'db_model_reviews','{"created_at":{"type":"currentTimestamp"},"updated_at":{"type":"currentTimestamp"}}','object',NULL,NULL);
INSERT INTO core_store VALUES(47,'db_model_components_meta_metadata','{"metaTitle":{"type":"string","required":true},"metaDescription":{"type":"text","required":true},"shareImage":{"model":"file","via":"related","allowedTypes":["images"],"plugin":"upload","required":false},"twitterCardType":{"type":"enumeration","enum":["summary","summary_large_image","app","player"],"default":"summary"},"twitterUsername":{"type":"string"}}','object',NULL,NULL);
INSERT INTO core_store VALUES(48,'plugin_content_manager_configuration_components::meta.metadata','{"uid":"meta.metadata","isComponent":true,"settings":{"bulkable":true,"filterable":true,"searchable":true,"pageSize":10,"mainField":"metaTitle","defaultSortBy":"metaTitle","defaultSortOrder":"ASC"},"metadatas":{"id":{"edit":{},"list":{"label":"Id","searchable":false,"sortable":false}},"metaTitle":{"edit":{"label":"MetaTitle","description":"","placeholder":"","visible":true,"editable":true},"list":{"label":"MetaTitle","searchable":true,"sortable":true}},"metaDescription":{"edit":{"label":"MetaDescription","description":"","placeholder":"","visible":true,"editable":true},"list":{"label":"MetaDescription","searchable":true,"sortable":true}},"shareImage":{"edit":{"label":"ShareImage","description":"","placeholder":"","visible":true,"editable":true},"list":{"label":"ShareImage","searchable":false,"sortable":false}},"twitterCardType":{"edit":{"label":"TwitterCardType","description":"","placeholder":"","visible":true,"editable":true},"list":{"label":"TwitterCardType","searchable":true,"sortable":true}},"twitterUsername":{"edit":{"label":"TwitterUsername","description":"","placeholder":"","visible":true,"editable":true},"list":{"label":"TwitterUsername","searchable":true,"sortable":true}}},"layouts":{"list":["id","metaTitle","metaDescription","shareImage"],"edit":[[{"name":"metaTitle","size":6},{"name":"metaDescription","size":6}],[{"name":"shareImage","size":6},{"name":"twitterCardType","size":6}],[{"name":"twitterUsername","size":6}]],"editRelations":[]}}','object','','');
INSERT INTO core_store VALUES(49,'db_model_default_metadata','{"ogType":{"type":"string","default":"website"},"locale":{"type":"enumeration","enum":["af_ZA","am_ET","ar_AE","ar_BH","ar_DZ","ar_EG","ar_IQ","ar_JO","ar_KW","ar_LB","ar_LY","ar_MA","arn_CL","ar_OM","ar_QA","ar_SA","ar_SY","ar_TN","ar_YE","as_IN","az_Cyrl_AZ","az_Latn_AZ","ba_RU","be_BY","bg_BG","bn_BD","bn_IN","bo_CN","br_FR","bs_Cyrl_BA","bs_Latn_BA","ca_ES","co_FR","cs_CZ","cy_GB","da_DK","de_AT","de_CH","de_DE","de_LI","de_LU","dsb_DE","dv_MV","el_GR","en_029","en_AU","en_BZ","en_CA","en_GB","en_IE","en_IN","en_JM","en_MY","en_NZ","en_PH","en_SG","en_TT","en_US","en_ZA","en_ZW","es_AR","es_BO","es_CL","es_CO","es_CR","es_DO","es_EC","es_ES","es_GT","es_HN","es_MX","es_NI","es_PA","es_PE","es_PR","es_PY","es_SV","es_US","es_UY","es_VE","et_EE","eu_ES","fa_IR","fi_FI","fil_PH","fo_FO","fr_BE","fr_CA","fr_CH","fr_FR","fr_LU","fr_MC","fy_NL","ga_IE","gd_GB","gl_ES","gsw_FR","gu_IN","ha_Latn_NG","he_IL","hi_IN","hr_BA","hr_HR","hsb_DE","hu_HU","hy_AM","id_ID","ig_NG","ii_CN","is_IS","it_CH","it_IT","iu_Cans_CA","iu_Latn_CA","ja_JP","ka_GE","kk_KZ","kl_GL","km_KH","kn_IN","kok_IN","ko_KR","ky_KG","lb_LU","lo_LA","lt_LT","lv_LV","mi_NZ","mk_MK","ml_IN","mn_MN","mn_Mong_CN","moh_CA","mr_IN","ms_BN","ms_MY","mt_MT","nb_NO","ne_NP","nl_BE","nl_NL","nn_NO","nso_ZA","oc_FR","or_IN","pa_IN","pl_PL","prs_AF","ps_AF","pt_BR","pt_PT","qut_GT","quz_BO","quz_EC","quz_PE","rm_CH","ro_RO","ru_RU","rw_RW","sah_RU","sa_IN","se_FI","se_NO","se_SE","si_LK","sk_SK","sl_SI","sma_NO","sma_SE","smj_NO","smj_SE","smn_FI","sms_FI","sq_AL","sr_Cyrl_BA","sr_Cyrl_CS","sr_Cyrl_ME","sr_Cyrl_RS","sr_Latn_BA","sr_Latn_CS","sr_Latn_ME","sr_Latn_RS","sv_FI","sv_SE","sw_KE","syr_SY","ta_IN","te_IN","tg_Cyrl_TJ","th_TH","tk_TM","tn_ZA","tr_TR","tt_RU","tzm_Latn_DZ","ug_CN","uk_UA","ur_PK","uz_Cyrl_UZ","uz_Latn_UZ","vi_VN","wo_SN","xh_ZA","yo_NG","zh_CN","zh_HK","zh_MO","zh_SG","zh_TW","zu_ZA"],"default":"en_US"},"twitterUsername":{"type":"string"},"siteName":{"type":"string"},"baseUrl":{"type":"string"},"created_at":{"type":"currentTimestamp"},"updated_at":{"type":"currentTimestamp"}}','object',NULL,NULL);
INSERT INTO core_store VALUES(51,'db_model_globals','{"metadata":{"type":"component","repeatable":false,"component":"meta.metadata"},"metaTitleSuffix":{"type":"string","required":true},"favicon":{"model":"file","via":"related","allowedTypes":["images"],"plugin":"upload","required":false},"notificationBanner":{"type":"component","repeatable":false,"component":"elements.notification-banner"},"navbar":{"type":"component","repeatable":false,"component":"layout.navbar"},"footer":{"type":"component","repeatable":false,"component":"layout.footer"},"created_at":{"type":"currentTimestamp"},"updated_at":{"type":"currentTimestamp"}}','object',NULL,NULL);
INSERT INTO core_store VALUES(52,'plugin_content_manager_configuration_content_types::application::global.global','{"uid":"application::global.global","settings":{"bulkable":true,"filterable":true,"searchable":true,"pageSize":10,"mainField":"id","defaultSortBy":"id","defaultSortOrder":"ASC"},"metadatas":{"id":{"edit":{},"list":{"label":"Id","searchable":true,"sortable":true}},"metadata":{"edit":{"label":"Metadata","description":"","placeholder":"","visible":true,"editable":true},"list":{"label":"Metadata","searchable":false,"sortable":false}},"metaTitleSuffix":{"edit":{"label":"MetaTitleSuffix","description":"","placeholder":"","visible":true,"editable":true},"list":{"label":"MetaTitleSuffix","searchable":true,"sortable":true}},"favicon":{"edit":{"label":"Favicon","description":"","placeholder":"","visible":true,"editable":true},"list":{"label":"Favicon","searchable":false,"sortable":false}},"notificationBanner":{"edit":{"label":"NotificationBanner","description":"","placeholder":"","visible":true,"editable":true},"list":{"label":"NotificationBanner","searchable":false,"sortable":false}},"navbar":{"edit":{"label":"Navbar","description":"","placeholder":"","visible":true,"editable":true},"list":{"label":"Navbar","searchable":false,"sortable":false}},"footer":{"edit":{"label":"Footer","description":"","placeholder":"","visible":true,"editable":true},"list":{"label":"Footer","searchable":false,"sortable":false}},"created_at":{"edit":{"label":"Created_at","description":"","placeholder":"","visible":false,"editable":true},"list":{"label":"Created_at","searchable":true,"sortable":true}},"updated_at":{"edit":{"label":"Updated_at","description":"","placeholder":"","visible":false,"editable":true},"list":{"label":"Updated_at","searchable":true,"sortable":true}}},"layouts":{"list":["id","created_at","updated_at"],"edit":[[{"name":"metaTitleSuffix","size":6}],[{"name":"favicon","size":6}],[{"name":"metadata","size":12}],[{"name":"notificationBanner","size":12}],[{"name":"navbar","size":12}],[{"name":"footer","size":12}]],"editRelations":[]}}','object','','');
INSERT INTO core_store VALUES(53,'db_model_components_links_footer_sections','{"title":{"type":"string"},"links":{"type":"component","repeatable":true,"component":"links.link"}}','object',NULL,NULL);
INSERT INTO core_store VALUES(55,'db_model_pages','{"slug":{"type":"uid","required":false,"targetField":"shortName"},"shortName":{"type":"string"},"metadata":{"type":"component","repeatable":false,"component":"meta.metadata","required":true},"contentSections":{"type":"dynamiczone","components":["sections.hero","sections.bottom-actions","sections.feature-columns-group","sections.feature-rows-group","sections.testimonials-group","sections.large-video","sections.rich-text","sections.pricing"]},"status":{"type":"enumeration","enum":["published","draft"],"default":"draft","required":true},"created_at":{"type":"currentTimestamp"},"updated_at":{"type":"currentTimestamp"}}','object',NULL,NULL);
INSERT INTO core_store VALUES(56,'plugin_content_manager_configuration_content_types::application::page.page','{"uid":"application::page.page","settings":{"bulkable":true,"filterable":true,"searchable":true,"pageSize":20,"mainField":"shortName","defaultSortBy":"created_at","defaultSortOrder":"ASC"},"metadatas":{"id":{"edit":{},"list":{"label":"Id","searchable":true,"sortable":true}},"slug":{"edit":{"label":"Slug","description":"Creates the page URL. Replace slashes (/) by double underscores (__) to build nested pages","placeholder":"","visible":true,"editable":true},"list":{"label":"Slug","searchable":true,"sortable":true}},"metadata":{"edit":{"label":"Metadata","description":"","placeholder":"","visible":true,"editable":true},"list":{"label":"Metadata","searchable":false,"sortable":false}},"contentSections":{"edit":{"label":"ContentSections","description":"The contents of your page","placeholder":"","visible":true,"editable":true},"list":{"label":"ContentSections","searchable":false,"sortable":false}},"status":{"edit":{"label":"Status","description":"","placeholder":"A \"draft\" page doesn''t exist publicly, but you can preview it using the Preview button on the right","visible":true,"editable":true},"list":{"label":"Status","searchable":true,"sortable":true}},"shortName":{"edit":{"label":"ShortName","description":"Only used to easily find a page in Strapi","placeholder":"My page","visible":true,"editable":true},"list":{"label":"ShortName","searchable":true,"sortable":true}},"created_at":{"edit":{"label":"Created_at","description":"","placeholder":"","visible":false,"editable":true},"list":{"label":"Created_at","searchable":true,"sortable":true}},"updated_at":{"edit":{"label":"Updated_at","description":"","placeholder":"","visible":false,"editable":true},"list":{"label":"Updated_at","searchable":true,"sortable":true}}},"layouts":{"list":["shortName","slug","status","created_at"],"edit":[[{"name":"shortName","size":6},{"name":"slug","size":6}],[{"name":"status","size":6}],[{"name":"contentSections","size":12}],[{"name":"metadata","size":12}]],"editRelations":[]}}','object','','');
INSERT INTO core_store VALUES(57,'plugin_content_manager_configuration_components::sections.bottom-actions','{"uid":"sections.bottom-actions","isComponent":true,"settings":{"bulkable":true,"filterable":true,"searchable":true,"pageSize":10,"mainField":"title","defaultSortBy":"title","defaultSortOrder":"ASC"},"metadatas":{"id":{"edit":{},"list":{"label":"Id","searchable":false,"sortable":false}},"title":{"edit":{"label":"Title","description":"","placeholder":"","visible":true,"editable":true},"list":{"label":"Title","searchable":true,"sortable":true}},"buttons":{"edit":{"label":"Buttons","description":"","placeholder":"","visible":true,"editable":true},"list":{"label":"Buttons","searchable":false,"sortable":false}}},"layouts":{"list":["id","title"],"edit":[[{"name":"title","size":6}],[{"name":"buttons","size":12}]],"editRelations":[]}}','object','','');
INSERT INTO core_store VALUES(59,'plugin_content_manager_configuration_components::sections.feature-columns-group','{"uid":"sections.feature-columns-group","isComponent":true,"settings":{"bulkable":true,"filterable":true,"searchable":true,"pageSize":10,"mainField":"id","defaultSortBy":"id","defaultSortOrder":"ASC"},"metadatas":{"id":{"edit":{},"list":{"label":"Id","searchable":false,"sortable":false}},"features":{"edit":{"label":"Features","description":"","placeholder":"","visible":true,"editable":true},"list":{"label":"Features","searchable":false,"sortable":false}}},"layouts":{"list":["id"],"edit":[[{"name":"features","size":12}]],"editRelations":[]}}','object','','');
INSERT INTO core_store VALUES(61,'plugin_content_manager_configuration_components::sections.feature-rows-group','{"uid":"sections.feature-rows-group","isComponent":true,"settings":{"bulkable":true,"filterable":true,"searchable":true,"pageSize":10,"mainField":"id","defaultSortBy":"id","defaultSortOrder":"ASC"},"metadatas":{"id":{"edit":{},"list":{"label":"Id","searchable":false,"sortable":false}},"features":{"edit":{"label":"Features","description":"","placeholder":"","visible":true,"editable":true},"list":{"label":"Features","searchable":false,"sortable":false}}},"layouts":{"list":["id"],"edit":[[{"name":"features","size":12}]],"editRelations":[]}}','object','','');
INSERT INTO core_store VALUES(62,'plugin_content_manager_configuration_components::sections.hero','{"uid":"sections.hero","isComponent":true,"settings":{"bulkable":true,"filterable":true,"searchable":true,"pageSize":10,"mainField":"title","defaultSortBy":"title","defaultSortOrder":"ASC"},"metadatas":{"id":{"edit":{},"list":{"label":"Id","searchable":false,"sortable":false}},"title":{"edit":{"label":"Title","description":"","placeholder":"","visible":true,"editable":true},"list":{"label":"Title","searchable":true,"sortable":true}},"label":{"edit":{"label":"Label","description":"","placeholder":"","visible":true,"editable":true},"list":{"label":"Label","searchable":true,"sortable":true}},"description":{"edit":{"label":"Description","description":"","placeholder":"","visible":true,"editable":true},"list":{"label":"Description","searchable":true,"sortable":true}},"picture":{"edit":{"label":"Picture","description":"","placeholder":"","visible":true,"editable":true},"list":{"label":"Picture","searchable":false,"sortable":false}},"smallTextWithLink":{"edit":{"label":"SmallTextWithLink","description":"","placeholder":"","visible":true,"editable":true},"list":{"label":"SmallTextWithLink","searchable":false,"sortable":false}},"buttons":{"edit":{"label":"Buttons","description":"","placeholder":"","visible":true,"editable":true},"list":{"label":"Buttons","searchable":false,"sortable":false}}},"layouts":{"list":["id","title","label","description"],"edit":[[{"name":"title","size":6},{"name":"label","size":6}],[{"name":"description","size":6},{"name":"picture","size":6}],[{"name":"smallTextWithLink","size":12}],[{"name":"buttons","size":12}]],"editRelations":[]}}','object','','');
INSERT INTO core_store VALUES(63,'plugin_content_manager_configuration_components::sections.large-video','{"uid":"sections.large-video","isComponent":true,"settings":{"bulkable":true,"filterable":true,"searchable":true,"pageSize":10,"mainField":"title","defaultSortBy":"title","defaultSortOrder":"ASC"},"metadatas":{"id":{"edit":{},"list":{"label":"Id","searchable":false,"sortable":false}},"title":{"edit":{"label":"Title","description":"","placeholder":"","visible":true,"editable":true},"list":{"label":"Title","searchable":true,"sortable":true}},"description":{"edit":{"label":"Description","description":"","placeholder":"","visible":true,"editable":true},"list":{"label":"Description","searchable":true,"sortable":true}},"video":{"edit":{"label":"Video","description":"","placeholder":"","visible":true,"editable":true},"list":{"label":"Video","searchable":false,"sortable":false}},"poster":{"edit":{"label":"Poster","description":"","placeholder":"","visible":true,"editable":true},"list":{"label":"Poster","searchable":false,"sortable":false}}},"layouts":{"list":["id","title","description","video"],"edit":[[{"name":"title","size":6},{"name":"description","size":6}],[{"name":"video","size":6},{"name":"poster","size":6}]],"editRelations":[]}}','object','','');
INSERT INTO core_store VALUES(65,'plugin_content_manager_configuration_components::sections.testimonials-group','{"uid":"sections.testimonials-group","isComponent":true,"settings":{"bulkable":true,"filterable":true,"searchable":true,"pageSize":10,"mainField":"title","defaultSortBy":"title","defaultSortOrder":"ASC"},"metadatas":{"id":{"edit":{},"list":{"label":"Id","searchable":false,"sortable":false}},"title":{"edit":{"label":"Title","description":"","placeholder":"","visible":true,"editable":true},"list":{"label":"Title","searchable":true,"sortable":true}},"description":{"edit":{"label":"Description","description":"","placeholder":"","visible":true,"editable":true},"list":{"label":"Description","searchable":true,"sortable":true}},"link":{"edit":{"label":"Link","description":"","placeholder":"","visible":true,"editable":true},"list":{"label":"Link","searchable":false,"sortable":false}},"logos":{"edit":{"label":"Logos","description":"","placeholder":"","visible":true,"editable":true},"list":{"label":"Logos","searchable":false,"sortable":false}},"testimonials":{"edit":{"label":"Testimonials","description":"","placeholder":"","visible":true,"editable":true},"list":{"label":"Testimonials","searchable":false,"sortable":false}}},"layouts":{"list":["id","title","description"],"edit":[[{"name":"title","size":6},{"name":"description","size":6}],[{"name":"link","size":12}],[{"name":"logos","size":12}],[{"name":"testimonials","size":12}]],"editRelations":[]}}','object','','');
INSERT INTO core_store VALUES(66,'plugin_content_manager_configuration_components::elements.testimonial','{"uid":"elements.testimonial","isComponent":true,"settings":{"bulkable":true,"filterable":true,"searchable":true,"pageSize":10,"mainField":"authorName","defaultSortBy":"authorName","defaultSortOrder":"ASC"},"metadatas":{"id":{"edit":{},"list":{"label":"Id","searchable":false,"sortable":false}},"logo":{"edit":{"label":"Logo","description":"","placeholder":"","visible":true,"editable":true},"list":{"label":"Logo","searchable":false,"sortable":false}},"picture":{"edit":{"label":"Picture","description":"","placeholder":"","visible":true,"editable":true},"list":{"label":"Picture","searchable":false,"sortable":false}},"text":{"edit":{"label":"Text","description":"","placeholder":"","visible":true,"editable":true},"list":{"label":"Text","searchable":true,"sortable":true}},"authorName":{"edit":{"label":"AuthorName","description":"","placeholder":"","visible":true,"editable":true},"list":{"label":"AuthorName","searchable":true,"sortable":true}},"authorTitle":{"edit":{"label":"AuthorTitle","description":"","placeholder":"","visible":true,"editable":true},"list":{"label":"AuthorTitle","searchable":true,"sortable":true}},"link":{"edit":{"label":"Link","description":"","placeholder":"","visible":true,"editable":true},"list":{"label":"Link","searchable":true,"sortable":true}}},"layouts":{"list":["id","logo","picture","text"],"edit":[[{"name":"logo","size":6},{"name":"picture","size":6}],[{"name":"text","size":6},{"name":"authorName","size":6}],[{"name":"authorTitle","size":6},{"name":"link","size":6}]],"editRelations":[]}}','object','','');
INSERT INTO core_store VALUES(67,'plugin_content_manager_configuration_components::elements.feature-column','{"uid":"elements.feature-column","isComponent":true,"settings":{"bulkable":true,"filterable":true,"searchable":true,"pageSize":10,"mainField":"title","defaultSortBy":"title","defaultSortOrder":"ASC"},"metadatas":{"id":{"edit":{},"list":{"label":"Id","searchable":false,"sortable":false}},"title":{"edit":{"label":"Title","description":"","placeholder":"","visible":true,"editable":true},"list":{"label":"Title","searchable":true,"sortable":true}},"description":{"edit":{"label":"Description","description":"","placeholder":"","visible":true,"editable":true},"list":{"label":"Description","searchable":true,"sortable":true}},"icon":{"edit":{"label":"Icon","description":"","placeholder":"","visible":true,"editable":true},"list":{"label":"Icon","searchable":false,"sortable":false}}},"layouts":{"list":["id","title","description","icon"],"edit":[[{"name":"title","size":6},{"name":"description","size":6}],[{"name":"icon","size":6}]],"editRelations":[]}}','object','','');
INSERT INTO core_store VALUES(68,'plugin_content_manager_configuration_components::elements.feature-row','{"uid":"elements.feature-row","isComponent":true,"settings":{"bulkable":true,"filterable":true,"searchable":true,"pageSize":10,"mainField":"title","defaultSortBy":"title","defaultSortOrder":"ASC"},"metadatas":{"id":{"edit":{},"list":{"label":"Id","searchable":false,"sortable":false}},"title":{"edit":{"label":"Title","description":"","placeholder":"","visible":true,"editable":true},"list":{"label":"Title","searchable":true,"sortable":true}},"description":{"edit":{"label":"Description","description":"","placeholder":"","visible":true,"editable":true},"list":{"label":"Description","searchable":true,"sortable":true}},"media":{"edit":{"label":"Media","description":"","placeholder":"","visible":true,"editable":true},"list":{"label":"Media","searchable":false,"sortable":false}},"link":{"edit":{"label":"Link","description":"","placeholder":"","visible":true,"editable":true},"list":{"label":"Link","searchable":false,"sortable":false}}},"layouts":{"list":["id","title","description","media"],"edit":[[{"name":"title","size":6},{"name":"description","size":6}],[{"name":"media","size":6}],[{"name":"link","size":12}]],"editRelations":[]}}','object','','');
INSERT INTO core_store VALUES(69,'plugin_content_manager_configuration_components::elements.footer-section','{"uid":"elements.footer-section","isComponent":true,"settings":{"bulkable":true,"filterable":true,"searchable":true,"pageSize":10,"mainField":"title","defaultSortBy":"title","defaultSortOrder":"ASC"},"metadatas":{"id":{"edit":{},"list":{"label":"Id","searchable":false,"sortable":false}},"title":{"edit":{"label":"Title","description":"","placeholder":"","visible":true,"editable":true},"list":{"label":"Title","searchable":true,"sortable":true}},"links":{"edit":{"label":"Links","description":"","placeholder":"","visible":true,"editable":true},"list":{"label":"Links","searchable":false,"sortable":false}}},"layouts":{"list":["id","title"],"edit":[[{"name":"title","size":6}],[{"name":"links","size":12}]],"editRelations":[]}}','object','','');
INSERT INTO core_store VALUES(70,'db_model_notification_banners','{"text":{"type":"richtext"},"type":{"type":"enumeration","enum":["alert","info","warning"],"default":"info"},"created_at":{"type":"currentTimestamp"},"updated_at":{"type":"currentTimestamp"}}','object',NULL,NULL);
INSERT INTO core_store VALUES(72,'db_model_components_elements_notification_banners','{"text":{"type":"richtext"},"type":{"type":"enumeration","enum":["alert","info","warning"],"required":true}}','object',NULL,NULL);
INSERT INTO core_store VALUES(73,'plugin_content_manager_configuration_components::elements.notification-banner','{"uid":"elements.notification-banner","isComponent":true,"settings":{"bulkable":true,"filterable":true,"searchable":true,"pageSize":10,"mainField":"id","defaultSortBy":"id","defaultSortOrder":"ASC"},"metadatas":{"id":{"edit":{},"list":{"label":"Id","searchable":false,"sortable":false}},"text":{"edit":{"label":"Text","description":"","placeholder":"","visible":true,"editable":true},"list":{"label":"Text","searchable":false,"sortable":false}},"type":{"edit":{"label":"Type","description":"","placeholder":"","visible":true,"editable":true},"list":{"label":"Type","searchable":true,"sortable":true}}},"layouts":{"list":["id","type"],"edit":[[{"name":"text","size":12}],[{"name":"type","size":6}]],"editRelations":[]}}','object','','');
INSERT INTO core_store VALUES(74,'db_model_components_layout_navbars','{"logo":{"model":"file","via":"related","allowedTypes":["images"],"plugin":"upload","required":true},"links":{"type":"component","repeatable":true,"component":"links.link"},"button":{"type":"component","repeatable":false,"component":"links.button"}}','object',NULL,NULL);
INSERT INTO core_store VALUES(75,'plugin_content_manager_configuration_components::layout.navbar','{"uid":"layout.navbar","isComponent":true,"settings":{"bulkable":true,"filterable":true,"searchable":true,"pageSize":10,"mainField":"id","defaultSortBy":"id","defaultSortOrder":"ASC"},"metadatas":{"id":{"edit":{},"list":{"label":"Id","searchable":false,"sortable":false}},"logo":{"edit":{"label":"Logo","description":"","placeholder":"","visible":true,"editable":true},"list":{"label":"Logo","searchable":false,"sortable":false}},"links":{"edit":{"label":"Links","description":"","placeholder":"","visible":true,"editable":true},"list":{"label":"Links","searchable":false,"sortable":false}},"button":{"edit":{"label":"Button","description":"","placeholder":"","visible":true,"editable":true},"list":{"label":"Button","searchable":false,"sortable":false}}},"layouts":{"list":["id","logo"],"edit":[[{"name":"logo","size":6}],[{"name":"links","size":12}],[{"name":"button","size":12}]],"editRelations":[]}}','object','','');
INSERT INTO core_store VALUES(76,'db_model_components_layout_footers','{"logo":{"model":"file","via":"related","allowedTypes":["images"],"plugin":"upload","required":false},"columns":{"type":"component","repeatable":true,"component":"elements.footer-section"},"smallText":{"type":"string"}}','object',NULL,NULL);
INSERT INTO core_store VALUES(77,'plugin_content_manager_configuration_components::layout.footer','{"uid":"layout.footer","isComponent":true,"settings":{"bulkable":true,"filterable":true,"searchable":true,"pageSize":10,"mainField":"smallText","defaultSortBy":"smallText","defaultSortOrder":"ASC"},"metadatas":{"id":{"edit":{},"list":{"label":"Id","searchable":false,"sortable":false}},"logo":{"edit":{"label":"Logo","description":"","placeholder":"","visible":true,"editable":true},"list":{"label":"Logo","searchable":false,"sortable":false}},"columns":{"edit":{"label":"Columns","description":"","placeholder":"","visible":true,"editable":true},"list":{"label":"Columns","searchable":false,"sortable":false}},"smallText":{"edit":{"label":"SmallText","description":"","placeholder":"","visible":true,"editable":true},"list":{"label":"SmallText","searchable":true,"sortable":true}}},"layouts":{"list":["id","logo","smallText"],"edit":[[{"name":"logo","size":6}],[{"name":"columns","size":12}],[{"name":"smallText","size":6}]],"editRelations":[]}}','object','','');
INSERT INTO core_store VALUES(78,'db_model_components_sections_rich_texts','{"content":{"type":"richtext"}}','object',NULL,NULL);
INSERT INTO core_store VALUES(79,'plugin_content_manager_configuration_components::sections.rich-text','{"uid":"sections.rich-text","isComponent":true,"settings":{"bulkable":true,"filterable":true,"searchable":true,"pageSize":10,"mainField":"id","defaultSortBy":"id","defaultSortOrder":"ASC"},"metadatas":{"id":{"edit":{},"list":{"label":"Id","searchable":false,"sortable":false}},"content":{"edit":{"label":"Content","description":"","placeholder":"","visible":true,"editable":true},"list":{"label":"Content","searchable":false,"sortable":false}}},"layouts":{"list":["id"],"edit":[[{"name":"content","size":12}]],"editRelations":[]}}','object','','');
INSERT INTO core_store VALUES(80,'db_model_components_elements_features','{"name":{"type":"string"}}','object',NULL,NULL);
INSERT INTO core_store VALUES(81,'db_model_components_sections_pricings','{"title":{"type":"string"},"plans":{"type":"component","repeatable":true,"component":"elements.plan"}}','object',NULL,NULL);
INSERT INTO core_store VALUES(83,'plugin_content_manager_configuration_components::sections.pricing','{"uid":"sections.pricing","isComponent":true,"settings":{"bulkable":true,"filterable":true,"searchable":true,"pageSize":10,"mainField":"title","defaultSortBy":"title","defaultSortOrder":"ASC"},"metadatas":{"id":{"edit":{},"list":{"label":"Id","searchable":false,"sortable":false}},"title":{"edit":{"label":"Title","description":"","placeholder":"","visible":true,"editable":true},"list":{"label":"Title","searchable":true,"sortable":true}},"plans":{"edit":{"label":"Plans","description":"","placeholder":"","visible":true,"editable":true},"list":{"label":"Plans","searchable":false,"sortable":false}}},"layouts":{"list":["id","title"],"edit":[[{"name":"title","size":6}],[{"name":"plans","size":12}]],"editRelations":[]}}','object','','');
INSERT INTO core_store VALUES(84,'db_model_components_elements_plans','{"name":{"type":"string"},"description":{"type":"text"},"features":{"type":"component","repeatable":true,"component":"elements.feature"},"isRecommended":{"type":"boolean"},"price":{"type":"decimal"},"pricePeriod":{"type":"string"}}','object',NULL,NULL);
INSERT INTO core_store VALUES(85,'plugin_content_manager_configuration_components::elements.feature','{"uid":"elements.feature","isComponent":true,"settings":{"bulkable":true,"filterable":true,"searchable":true,"pageSize":10,"mainField":"name","defaultSortBy":"name","defaultSortOrder":"ASC"},"metadatas":{"id":{"edit":{},"list":{"label":"Id","searchable":false,"sortable":false}},"name":{"edit":{"label":"Name","description":"","placeholder":"","visible":true,"editable":true},"list":{"label":"Name","searchable":true,"sortable":true}}},"layouts":{"list":["id","name"],"edit":[[{"name":"name","size":6}]],"editRelations":[]}}','object','','');
INSERT INTO core_store VALUES(86,'plugin_content_manager_configuration_components::elements.plan','{"uid":"elements.plan","isComponent":true,"settings":{"bulkable":true,"filterable":true,"searchable":true,"pageSize":10,"mainField":"name","defaultSortBy":"name","defaultSortOrder":"ASC"},"metadatas":{"id":{"edit":{},"list":{"label":"Id","searchable":false,"sortable":false}},"name":{"edit":{"label":"Name","description":"","placeholder":"","visible":true,"editable":true},"list":{"label":"Name","searchable":true,"sortable":true}},"description":{"edit":{"label":"Description","description":"","placeholder":"","visible":true,"editable":true},"list":{"label":"Description","searchable":true,"sortable":true}},"features":{"edit":{"label":"Features","description":"","placeholder":"","visible":true,"editable":true},"list":{"label":"Features","searchable":false,"sortable":false}},"isRecommended":{"edit":{"label":"IsRecommended","description":"","placeholder":"","visible":true,"editable":true},"list":{"label":"IsRecommended","searchable":true,"sortable":true}},"price":{"edit":{"label":"Price","description":"","placeholder":"","visible":true,"editable":true},"list":{"label":"Price","searchable":true,"sortable":true}},"pricePeriod":{"edit":{"label":"PricePeriod","description":"","placeholder":"","visible":true,"editable":true},"list":{"label":"PricePeriod","searchable":true,"sortable":true}}},"layouts":{"list":["id","name","description","isRecommended"],"edit":[[{"name":"name","size":6},{"name":"description","size":6}],[{"name":"features","size":12}],[{"name":"isRecommended","size":4},{"name":"price","size":4}],[{"name":"pricePeriod","size":6}]],"editRelations":[]}}','object','','');
CREATE TABLE "strapi_webhooks" ("id" integer not null primary key autoincrement, "name" varchar(255) null, "url" text null, "headers" text null, "events" text null, "enabled" boolean null);
CREATE TABLE "strapi_administrator" ("id" integer not null primary key autoincrement, "username" varchar(255) not null, "email" varchar(255) not null, "password" varchar(255) not null, "resetPasswordToken" varchar(255) null, "blocked" boolean null);
CREATE TABLE "users-permissions_permission" ("id" integer not null primary key autoincrement, "type" varchar(255) not null, "controller" varchar(255) not null, "action" varchar(255) not null, "enabled" boolean not null, "policy" varchar(255) null, "role" integer null);
INSERT INTO "users-permissions_permission" VALUES(1,'content-manager','components','findcomponent',0,'',1);
INSERT INTO "users-permissions_permission" VALUES(2,'content-manager','components','findcomponent',0,'',2);
INSERT INTO "users-permissions_permission" VALUES(3,'content-manager','components','listcomponents',0,'',1);
INSERT INTO "users-permissions_permission" VALUES(4,'content-manager','components','listcomponents',1,'',2);
INSERT INTO "users-permissions_permission" VALUES(5,'content-manager','components','updatecomponent',0,'',1);
INSERT INTO "users-permissions_permission" VALUES(6,'content-manager','components','updatecomponent',0,'',2);
INSERT INTO "users-permissions_permission" VALUES(7,'content-manager','contentmanager','checkuidavailability',0,'',1);
INSERT INTO "users-permissions_permission" VALUES(8,'content-manager','contentmanager','checkuidavailability',0,'',2);
INSERT INTO "users-permissions_permission" VALUES(9,'content-manager','contentmanager','count',0,'',1);
INSERT INTO "users-permissions_permission" VALUES(10,'content-manager','contentmanager','count',0,'',2);
INSERT INTO "users-permissions_permission" VALUES(11,'content-manager','contentmanager','create',0,'',1);
INSERT INTO "users-permissions_permission" VALUES(12,'content-manager','contentmanager','create',0,'',2);
INSERT INTO "users-permissions_permission" VALUES(13,'content-manager','contentmanager','delete',0,'',1);
INSERT INTO "users-permissions_permission" VALUES(14,'content-manager','contentmanager','delete',0,'',2);
INSERT INTO "users-permissions_permission" VALUES(15,'content-manager','contentmanager','deletemany',0,'',1);
INSERT INTO "users-permissions_permission" VALUES(16,'content-manager','contentmanager','deletemany',0,'',2);
INSERT INTO "users-permissions_permission" VALUES(17,'content-manager','contentmanager','find',0,'',1);
INSERT INTO "users-permissions_permission" VALUES(18,'content-manager','contentmanager','find',0,'',2);
INSERT INTO "users-permissions_permission" VALUES(19,'content-manager','contentmanager','findone',0,'',1);
INSERT INTO "users-permissions_permission" VALUES(20,'content-manager','contentmanager','findone',0,'',2);
INSERT INTO "users-permissions_permission" VALUES(21,'content-manager','contentmanager','generateuid',0,'',1);
INSERT INTO "users-permissions_permission" VALUES(22,'content-manager','contentmanager','generateuid',0,'',2);
INSERT INTO "users-permissions_permission" VALUES(23,'content-manager','contentmanager','update',0,'',1);
INSERT INTO "users-permissions_permission" VALUES(24,'content-manager','contentmanager','update',0,'',2);
INSERT INTO "users-permissions_permission" VALUES(25,'content-manager','contenttypes','findcontenttype',0,'',1);
INSERT INTO "users-permissions_permission" VALUES(26,'content-manager','contenttypes','findcontenttype',1,'',2);
INSERT INTO "users-permissions_permission" VALUES(27,'content-manager','contenttypes','listcontenttypes',0,'',1);
INSERT INTO "users-permissions_permission" VALUES(28,'content-manager','contenttypes','listcontenttypes',1,'',2);
INSERT INTO "users-permissions_permission" VALUES(29,'content-manager','contenttypes','updatecontenttype',0,'',1);
INSERT INTO "users-permissions_permission" VALUES(30,'content-manager','contenttypes','updatecontenttype',0,'',2);
INSERT INTO "users-permissions_permission" VALUES(31,'content-type-builder','builder','getreservednames',0,'',1);
INSERT INTO "users-permissions_permission" VALUES(32,'content-type-builder','builder','getreservednames',0,'',2);
INSERT INTO "users-permissions_permission" VALUES(33,'content-type-builder','componentcategories','deletecategory',0,'',1);
INSERT INTO "users-permissions_permission" VALUES(34,'content-type-builder','componentcategories','deletecategory',0,'',2);
INSERT INTO "users-permissions_permission" VALUES(35,'content-type-builder','componentcategories','editcategory',0,'',1);
INSERT INTO "users-permissions_permission" VALUES(36,'content-type-builder','componentcategories','editcategory',0,'',2);
INSERT INTO "users-permissions_permission" VALUES(37,'content-type-builder','components','createcomponent',0,'',1);
INSERT INTO "users-permissions_permission" VALUES(38,'content-type-builder','components','createcomponent',0,'',2);
INSERT INTO "users-permissions_permission" VALUES(39,'content-type-builder','components','deletecomponent',0,'',1);
INSERT INTO "users-permissions_permission" VALUES(40,'content-type-builder','components','deletecomponent',0,'',2);
INSERT INTO "users-permissions_permission" VALUES(41,'content-type-builder','components','getcomponent',0,'',1);
INSERT INTO "users-permissions_permission" VALUES(42,'content-type-builder','components','getcomponent',0,'',2);
INSERT INTO "users-permissions_permission" VALUES(43,'content-type-builder','components','getcomponents',0,'',1);
INSERT INTO "users-permissions_permission" VALUES(44,'content-type-builder','components','getcomponents',0,'',2);
INSERT INTO "users-permissions_permission" VALUES(45,'content-type-builder','components','updatecomponent',0,'',1);
INSERT INTO "users-permissions_permission" VALUES(46,'content-type-builder','components','updatecomponent',0,'',2);
INSERT INTO "users-permissions_permission" VALUES(47,'content-type-builder','connections','getconnections',0,'',1);
INSERT INTO "users-permissions_permission" VALUES(48,'content-type-builder','connections','getconnections',0,'',2);
INSERT INTO "users-permissions_permission" VALUES(49,'content-type-builder','contenttypes','createcontenttype',0,'',1);
INSERT INTO "users-permissions_permission" VALUES(50,'content-type-builder','contenttypes','createcontenttype',0,'',2);
INSERT INTO "users-permissions_permission" VALUES(51,'content-type-builder','contenttypes','deletecontenttype',0,'',1);
INSERT INTO "users-permissions_permission" VALUES(52,'content-type-builder','contenttypes','deletecontenttype',0,'',2);
INSERT INTO "users-permissions_permission" VALUES(53,'content-type-builder','contenttypes','getcontenttype',0,'',1);
INSERT INTO "users-permissions_permission" VALUES(54,'content-type-builder','contenttypes','getcontenttype',0,'',2);
INSERT INTO "users-permissions_permission" VALUES(55,'content-type-builder','contenttypes','getcontenttypes',0,'',1);
INSERT INTO "users-permissions_permission" VALUES(56,'content-type-builder','contenttypes','getcontenttypes',0,'',2);
INSERT INTO "users-permissions_permission" VALUES(57,'content-type-builder','contenttypes','updatecontenttype',0,'',1);
INSERT INTO "users-permissions_permission" VALUES(58,'content-type-builder','contenttypes','updatecontenttype',0,'',2);
INSERT INTO "users-permissions_permission" VALUES(59,'email','email','send',0,'',1);
INSERT INTO "users-permissions_permission" VALUES(60,'email','email','send',0,'',2);
INSERT INTO "users-permissions_permission" VALUES(61,'upload','proxy','uploadproxy',0,'',1);
INSERT INTO "users-permissions_permission" VALUES(62,'upload','proxy','uploadproxy',0,'',2);
INSERT INTO "users-permissions_permission" VALUES(63,'upload','upload','count',0,'',1);
INSERT INTO "users-permissions_permission" VALUES(64,'upload','upload','count',0,'',2);
INSERT INTO "users-permissions_permission" VALUES(65,'upload','upload','destroy',0,'',1);
INSERT INTO "users-permissions_permission" VALUES(66,'upload','upload','destroy',0,'',2);
INSERT INTO "users-permissions_permission" VALUES(67,'upload','upload','find',0,'',1);
INSERT INTO "users-permissions_permission" VALUES(68,'upload','upload','find',0,'',2);
INSERT INTO "users-permissions_permission" VALUES(69,'upload','upload','findone',0,'',1);
INSERT INTO "users-permissions_permission" VALUES(70,'upload','upload','findone',0,'',2);
INSERT INTO "users-permissions_permission" VALUES(71,'upload','upload','getsettings',0,'',1);
INSERT INTO "users-permissions_permission" VALUES(72,'upload','upload','getsettings',0,'',2);
INSERT INTO "users-permissions_permission" VALUES(73,'upload','upload','search',0,'',1);
INSERT INTO "users-permissions_permission" VALUES(74,'upload','upload','search',0,'',2);
INSERT INTO "users-permissions_permission" VALUES(75,'upload','upload','updatesettings',0,'',1);
INSERT INTO "users-permissions_permission" VALUES(76,'upload','upload','updatesettings',0,'',2);
INSERT INTO "users-permissions_permission" VALUES(77,'upload','upload','upload',0,'',1);
INSERT INTO "users-permissions_permission" VALUES(78,'upload','upload','upload',0,'',2);
INSERT INTO "users-permissions_permission" VALUES(79,'users-permissions','auth','callback',0,'',1);
INSERT INTO "users-permissions_permission" VALUES(80,'users-permissions','auth','callback',1,'',2);
INSERT INTO "users-permissions_permission" VALUES(81,'users-permissions','auth','connect',1,'',1);
INSERT INTO "users-permissions_permission" VALUES(82,'users-permissions','auth','connect',1,'',2);
INSERT INTO "users-permissions_permission" VALUES(83,'users-permissions','auth','emailconfirmation',0,'',1);
INSERT INTO "users-permissions_permission" VALUES(84,'users-permissions','auth','emailconfirmation',1,'',2);
INSERT INTO "users-permissions_permission" VALUES(85,'users-permissions','auth','forgotpassword',0,'',1);
INSERT INTO "users-permissions_permission" VALUES(86,'users-permissions','auth','forgotpassword',1,'',2);
INSERT INTO "users-permissions_permission" VALUES(87,'users-permissions','auth','register',0,'',1);
INSERT INTO "users-permissions_permission" VALUES(88,'users-permissions','auth','register',1,'',2);
INSERT INTO "users-permissions_permission" VALUES(89,'users-permissions','auth','resetpassword',0,'',1);
INSERT INTO "users-permissions_permission" VALUES(90,'users-permissions','auth','resetpassword',0,'',2);
INSERT INTO "users-permissions_permission" VALUES(91,'users-permissions','auth','sendemailconfirmation',0,'',1);
INSERT INTO "users-permissions_permission" VALUES(92,'users-permissions','auth','sendemailconfirmation',0,'',2);
INSERT INTO "users-permissions_permission" VALUES(93,'users-permissions','user','count',0,'',1);
INSERT INTO "users-permissions_permission" VALUES(94,'users-permissions','user','count',0,'',2);
INSERT INTO "users-permissions_permission" VALUES(95,'users-permissions','user','create',0,'',1);
INSERT INTO "users-permissions_permission" VALUES(96,'users-permissions','user','create',0,'',2);
INSERT INTO "users-permissions_permission" VALUES(97,'users-permissions','user','destroy',0,'',1);
INSERT INTO "users-permissions_permission" VALUES(98,'users-permissions','user','destroy',0,'',2);
INSERT INTO "users-permissions_permission" VALUES(99,'users-permissions','user','destroyall',0,'',1);
INSERT INTO "users-permissions_permission" VALUES(100,'users-permissions','user','destroyall',0,'',2);
INSERT INTO "users-permissions_permission" VALUES(101,'users-permissions','user','find',0,'',1);
INSERT INTO "users-permissions_permission" VALUES(102,'users-permissions','user','find',0,'',2);
INSERT INTO "users-permissions_permission" VALUES(103,'users-permissions','user','findone',0,'',1);
INSERT INTO "users-permissions_permission" VALUES(104,'users-permissions','user','findone',0,'',2);
INSERT INTO "users-permissions_permission" VALUES(105,'users-permissions','user','me',1,'',1);
INSERT INTO "users-permissions_permission" VALUES(106,'users-permissions','user','me',1,'',2);
INSERT INTO "users-permissions_permission" VALUES(107,'users-permissions','user','update',0,'',1);
INSERT INTO "users-permissions_permission" VALUES(108,'users-permissions','user','update',0,'',2);
INSERT INTO "users-permissions_permission" VALUES(109,'users-permissions','userspermissions','createrole',0,'',1);
INSERT INTO "users-permissions_permission" VALUES(110,'users-permissions','userspermissions','createrole',0,'',2);
INSERT INTO "users-permissions_permission" VALUES(111,'users-permissions','userspermissions','deleteprovider',0,'',1);
INSERT INTO "users-permissions_permission" VALUES(112,'users-permissions','userspermissions','deleteprovider',0,'',2);
INSERT INTO "users-permissions_permission" VALUES(113,'users-permissions','userspermissions','deleterole',0,'',1);
INSERT INTO "users-permissions_permission" VALUES(114,'users-permissions','userspermissions','deleterole',0,'',2);
INSERT INTO "users-permissions_permission" VALUES(115,'users-permissions','userspermissions','getadvancedsettings',0,'',1);
INSERT INTO "users-permissions_permission" VALUES(116,'users-permissions','userspermissions','getadvancedsettings',0,'',2);
INSERT INTO "users-permissions_permission" VALUES(117,'users-permissions','userspermissions','getemailtemplate',0,'',1);
INSERT INTO "users-permissions_permission" VALUES(118,'users-permissions','userspermissions','getemailtemplate',0,'',2);
INSERT INTO "users-permissions_permission" VALUES(119,'users-permissions','userspermissions','getpermissions',0,'',1);
INSERT INTO "users-permissions_permission" VALUES(120,'users-permissions','userspermissions','getpermissions',0,'',2);
INSERT INTO "users-permissions_permission" VALUES(121,'users-permissions','userspermissions','getpolicies',0,'',1);
INSERT INTO "users-permissions_permission" VALUES(122,'users-permissions','userspermissions','getpolicies',0,'',2);
INSERT INTO "users-permissions_permission" VALUES(123,'users-permissions','userspermissions','getproviders',0,'',1);
INSERT INTO "users-permissions_permission" VALUES(124,'users-permissions','userspermissions','getproviders',0,'',2);
INSERT INTO "users-permissions_permission" VALUES(125,'users-permissions','userspermissions','getrole',0,'',1);
INSERT INTO "users-permissions_permission" VALUES(126,'users-permissions','userspermissions','getrole',0,'',2);
INSERT INTO "users-permissions_permission" VALUES(127,'users-permissions','userspermissions','getroles',0,'',1);
INSERT INTO "users-permissions_permission" VALUES(128,'users-permissions','userspermissions','getroles',0,'',2);
INSERT INTO "users-permissions_permission" VALUES(129,'users-permissions','userspermissions','getroutes',0,'',1);
INSERT INTO "users-permissions_permission" VALUES(130,'users-permissions','userspermissions','getroutes',0,'',2);
INSERT INTO "users-permissions_permission" VALUES(131,'users-permissions','userspermissions','index',0,'',1);
INSERT INTO "users-permissions_permission" VALUES(132,'users-permissions','userspermissions','index',0,'',2);
INSERT INTO "users-permissions_permission" VALUES(133,'users-permissions','userspermissions','init',1,'',1);
INSERT INTO "users-permissions_permission" VALUES(134,'users-permissions','userspermissions','init',1,'',2);
INSERT INTO "users-permissions_permission" VALUES(135,'users-permissions','userspermissions','searchusers',0,'',1);
INSERT INTO "users-permissions_permission" VALUES(136,'users-permissions','userspermissions','searchusers',0,'',2);
INSERT INTO "users-permissions_permission" VALUES(137,'users-permissions','userspermissions','updateadvancedsettings',0,'',1);
INSERT INTO "users-permissions_permission" VALUES(138,'users-permissions','userspermissions','updateadvancedsettings',0,'',2);
INSERT INTO "users-permissions_permission" VALUES(139,'users-permissions','userspermissions','updateemailtemplate',0,'',1);
INSERT INTO "users-permissions_permission" VALUES(140,'users-permissions','userspermissions','updateemailtemplate',0,'',2);
INSERT INTO "users-permissions_permission" VALUES(141,'users-permissions','userspermissions','updateproviders',0,'',1);
INSERT INTO "users-permissions_permission" VALUES(142,'users-permissions','userspermissions','updateproviders',0,'',2);
INSERT INTO "users-permissions_permission" VALUES(143,'users-permissions','userspermissions','updaterole',0,'',1);
INSERT INTO "users-permissions_permission" VALUES(144,'users-permissions','userspermissions','updaterole',0,'',2);
INSERT INTO "users-permissions_permission" VALUES(183,'application','global','delete',0,'',1);
INSERT INTO "users-permissions_permission" VALUES(184,'application','global','delete',0,'',2);
INSERT INTO "users-permissions_permission" VALUES(185,'application','global','find',1,'',1);
INSERT INTO "users-permissions_permission" VALUES(186,'application','global','find',1,'',2);
INSERT INTO "users-permissions_permission" VALUES(187,'application','global','update',0,'',1);
INSERT INTO "users-permissions_permission" VALUES(188,'application','global','update',0,'',2);
INSERT INTO "users-permissions_permission" VALUES(189,'application','page','count',0,'',1);
INSERT INTO "users-permissions_permission" VALUES(190,'application','page','count',0,'',2);
INSERT INTO "users-permissions_permission" VALUES(191,'application','page','create',0,'',1);
INSERT INTO "users-permissions_permission" VALUES(192,'application','page','create',0,'',2);
INSERT INTO "users-permissions_permission" VALUES(193,'application','page','delete',0,'',1);
INSERT INTO "users-permissions_permission" VALUES(194,'application','page','delete',0,'',2);
INSERT INTO "users-permissions_permission" VALUES(195,'application','page','find',1,'',1);
INSERT INTO "users-permissions_permission" VALUES(196,'application','page','find',1,'',2);
INSERT INTO "users-permissions_permission" VALUES(197,'application','page','findone',1,'',1);
INSERT INTO "users-permissions_permission" VALUES(198,'application','page','findone',1,'',2);
INSERT INTO "users-permissions_permission" VALUES(199,'application','page','update',0,'',1);
INSERT INTO "users-permissions_permission" VALUES(200,'application','page','update',0,'',2);
CREATE TABLE "users-permissions_role" ("id" integer not null primary key autoincrement, "name" varchar(255) not null, "description" varchar(255) null, "type" varchar(255) null);
INSERT INTO "users-permissions_role" VALUES(1,'Authenticated','Default role given to authenticated user.','authenticated');
INSERT INTO "users-permissions_role" VALUES(2,'Public','Default role given to unauthenticated user.','public');
CREATE TABLE "users-permissions_user" ("id" integer not null primary key autoincrement, "username" varchar(255) not null, "email" varchar(255) not null, "provider" varchar(255) null, "password" varchar(255) null, "resetPasswordToken" varchar(255) null, "confirmed" boolean null, "blocked" boolean null, "role" integer null, "created_at" datetime null default CURRENT_TIMESTAMP, "updated_at" datetime null default CURRENT_TIMESTAMP);
CREATE TABLE "upload_file" ("id" integer not null primary key autoincrement, "name" varchar(255) not null, "alternativeText" varchar(255) null, "caption" varchar(255) null, "width" integer null, "height" integer null, "formats" text null, "hash" varchar(255) not null, "ext" varchar(255) null, "mime" varchar(255) not null, "size" float not null, "url" varchar(255) not null, "previewUrl" varchar(255) null, "provider" varchar(255) not null, "provider_metadata" text null, "created_at" datetime null default CURRENT_TIMESTAMP, "updated_at" datetime null default CURRENT_TIMESTAMP);
INSERT INTO upload_file VALUES(22,'Ellipse 1','','',512,512,'{"thumbnail":{"hash":"thumbnail_Ellipse_1_3787d69d9c","ext":".png","mime":"image/png","width":156,"height":156,"size":5.7,"path":null,"url":"/uploads/thumbnail_Ellipse_1_3787d69d9c.png"},"small":{"hash":"small_Ellipse_1_3787d69d9c","ext":".png","mime":"image/png","width":500,"height":500,"size":22.41,"path":null,"url":"/uploads/small_Ellipse_1_3787d69d9c.png"}}','Ellipse_1_3787d69d9c','.png','image/png',5.2599999999999997868,'/uploads/Ellipse_1_3787d69d9c.png',NULL,'local',NULL,1594128017598,1594128017598);
INSERT INTO upload_file VALUES(24,'undraw_content_team_3epn','','',879,552,NULL,'undraw_content_team_3epn_9127b6eba8','.svg','image/svg+xml',11.25,'/uploads/undraw_content_team_3epn_9127b6eba8.svg',NULL,'local',NULL,1595254074970,1595254074970);
INSERT INTO upload_file VALUES(25,'undraw_insert_block_efyb','','',830,665,NULL,'undraw_insert_block_efyb_93106ceab5','.svg','image/svg+xml',10.349999999999999645,'/uploads/undraw_insert_block_efyb_93106ceab5.svg',NULL,'local',NULL,1595254335059,1595254335059);
INSERT INTO upload_file VALUES(26,'undraw_publish_post_vowb','','',818,610,NULL,'undraw_publish_post_vowb_abbc766db3','.svg','image/svg+xml',13.289999999999999146,'/uploads/undraw_publish_post_vowb_abbc766db3.svg',NULL,'local',NULL,1595254481249,1595254481249);
INSERT INTO upload_file VALUES(27,'undraw_content_team_3epn','','',1119,712,'{"thumbnail":{"hash":"thumbnail_undraw_content_team_3epn_d009ae9d9e","ext":".png","mime":"image/png","width":245,"height":156,"size":12.56,"path":null,"url":"/uploads/thumbnail_undraw_content_team_3epn_d009ae9d9e.png"},"large":{"hash":"large_undraw_content_team_3epn_d009ae9d9e","ext":".png","mime":"image/png","width":1000,"height":636,"size":66.75,"path":null,"url":"/uploads/large_undraw_content_team_3epn_d009ae9d9e.png"},"medium":{"hash":"medium_undraw_content_team_3epn_d009ae9d9e","ext":".png","mime":"image/png","width":750,"height":477,"size":46.06,"path":null,"url":"/uploads/medium_undraw_content_team_3epn_d009ae9d9e.png"},"small":{"hash":"small_undraw_content_team_3epn_d009ae9d9e","ext":".png","mime":"image/png","width":500,"height":318,"size":28.52,"path":null,"url":"/uploads/small_undraw_content_team_3epn_d009ae9d9e.png"}}','undraw_content_team_3epn_d009ae9d9e','.png','image/png',40.600000000000001421,'/uploads/undraw_content_team_3epn_d009ae9d9e.png',NULL,'local',NULL,1595254903429,1595254903429);
INSERT INTO upload_file VALUES(28,'strapi','','',1138,302,'{"thumbnail":{"hash":"thumbnail_strapi_13a12557af","ext":".png","mime":"image/png","width":245,"height":65,"size":8.26,"path":null,"url":"/uploads/thumbnail_strapi_13a12557af.png"},"large":{"hash":"large_strapi_13a12557af","ext":".png","mime":"image/png","width":1000,"height":265,"size":44.31,"path":null,"url":"/uploads/large_strapi_13a12557af.png"},"medium":{"hash":"medium_strapi_13a12557af","ext":".png","mime":"image/png","width":750,"height":199,"size":31.73,"path":null,"url":"/uploads/medium_strapi_13a12557af.png"},"small":{"hash":"small_strapi_13a12557af","ext":".png","mime":"image/png","width":500,"height":133,"size":18.99,"path":null,"url":"/uploads/small_strapi_13a12557af.png"}}','strapi_13a12557af','.png','image/png',18.289999999999999147,'/uploads/strapi_13a12557af.png',NULL,'local',NULL,1595255640597,1595255640597);
INSERT INTO upload_file VALUES(29,'palette-24px','','',24,24,NULL,'palette_24px_de805f59cf','.svg','image/svg+xml',1.0900000000000000799,'/uploads/palette_24px_de805f59cf.svg',NULL,'local',NULL,1595256143198,1595256143198);
INSERT INTO upload_file VALUES(30,'devices-24px','','',24,24,NULL,'devices_24px_dd0431f515','.svg','image/svg+xml',0.32000000000000000666,'/uploads/devices_24px_dd0431f515.svg',NULL,'local',NULL,1595256143214,1595256143214);
INSERT INTO upload_file VALUES(31,'preview-24px','','',24,24,NULL,'preview_24px_9061bb6f12','.svg','image/svg+xml',0.92000000000000003996,'/uploads/preview_24px_9061bb6f12.svg',NULL,'local',NULL,1595256143231,1595256143231);
INSERT INTO upload_file VALUES(32,'Screenshot 2020-07-21 at 12.12.49','','',652,928,'{"thumbnail":{"hash":"thumbnail_Screenshot_2020_07_21_at_12_12_49_1ca69b31f2","ext":".png","mime":"image/png","width":110,"height":156,"size":46.11,"path":null,"url":"/uploads/thumbnail_Screenshot_2020_07_21_at_12_12_49_1ca69b31f2.png"},"medium":{"hash":"medium_Screenshot_2020_07_21_at_12_12_49_1ca69b31f2","ext":".png","mime":"image/png","width":527,"height":750,"size":880.89,"path":null,"url":"/uploads/medium_Screenshot_2020_07_21_at_12_12_49_1ca69b31f2.png"},"small":{"hash":"small_Screenshot_2020_07_21_at_12_12_49_1ca69b31f2","ext":".png","mime":"image/png","width":351,"height":500,"size":402.97,"path":null,"url":"/uploads/small_Screenshot_2020_07_21_at_12_12_49_1ca69b31f2.png"}}','Screenshot_2020_07_21_at_12_12_49_1ca69b31f2','.png','image/png',1229.380000000000109,'/uploads/Screenshot_2020_07_21_at_12_12_49_1ca69b31f2.png',NULL,'local',NULL,1595326409181,1595326409181);
CREATE TABLE "upload_file_morph" ("id" integer not null primary key autoincrement, "upload_file_id" integer null, "related_id" integer null, "related_type" text null, "field" text null, "order" integer null);
INSERT INTO upload_file_morph VALUES(1673,27,5,'components_meta_metadata','shareImage',1);
INSERT INTO upload_file_morph VALUES(1674,28,1,'components_layout_navbars','logo',1);
INSERT INTO upload_file_morph VALUES(1676,22,1,'globals','favicon',1);
INSERT INTO upload_file_morph VALUES(1677,27,4,'components_meta_metadata','shareImage',1);
INSERT INTO upload_file_morph VALUES(1678,30,17,'components_slices_feature_columns','icon',1);
INSERT INTO upload_file_morph VALUES(1679,29,18,'components_slices_feature_columns','icon',1);
INSERT INTO upload_file_morph VALUES(1680,31,16,'components_slices_feature_columns','icon',1);
INSERT INTO upload_file_morph VALUES(1681,24,2,'components_slices_heroes','picture',1);
INSERT INTO upload_file_morph VALUES(1682,25,9,'components_slices_feature_rows','media',1);
INSERT INTO upload_file_morph VALUES(1683,26,10,'components_slices_feature_rows','media',1);
INSERT INTO upload_file_morph VALUES(1684,28,21,'components_elements_logos','logo',1);
INSERT INTO upload_file_morph VALUES(1685,28,19,'components_elements_logos','logo',1);
INSERT INTO upload_file_morph VALUES(1686,28,20,'components_elements_logos','logo',1);
INSERT INTO upload_file_morph VALUES(1687,28,9,'components_slices_testimonials','logo',1);
INSERT INTO upload_file_morph VALUES(1688,32,9,'components_slices_testimonials','picture',1);
CREATE TABLE "homepages_components" ("id" integer not null primary key autoincrement, "field" varchar(255) not null, "order" integer not null, "component_type" varchar(255) not null, "component_id" integer not null, "homepage_id" integer not null, constraint "homepage_id_fk" foreign key("homepage_id") references "tmp_homepages"("id") on delete CASCADE);
INSERT INTO homepages_components VALUES(1,'slices',1,'components_slices_heroes',1,1);
INSERT INTO homepages_components VALUES(2,'slices',2,'components_slices_large_videos',1,1);
INSERT INTO homepages_components VALUES(6,'slices',3,'components_slices_feature_columns_groups',4,1);
INSERT INTO homepages_components VALUES(8,'slices',4,'components_slices_feature_rows_groups',2,1);
INSERT INTO homepages_components VALUES(9,'slices',6,'components_slices_bottom_actions',1,1);
INSERT INTO homepages_components VALUES(11,'slices',5,'components_slices_testimonials_groups',2,1);
INSERT INTO homepages_components VALUES(13,'metadata',1,'components_meta_metadata',2,1);
CREATE TABLE "components_links_buttons_components" ("id" integer not null primary key autoincrement, "field" varchar(255) not null, "order" integer not null, "component_type" varchar(255) not null, "component_id" integer not null, "components_links_button_id" integer not null, constraint "components_links_button_id_fk" foreign key("components_links_button_id") references "tmp_components_links_buttons"("id") on delete CASCADE);
INSERT INTO components_links_buttons_components VALUES(1,'link',1,'components_links_links',1,1);
INSERT INTO components_links_buttons_components VALUES(2,'link',1,'components_links_links',2,2);
INSERT INTO components_links_buttons_components VALUES(3,'link',1,'components_links_links',19,3);
INSERT INTO components_links_buttons_components VALUES(4,'link',1,'components_links_links',18,4);
INSERT INTO components_links_buttons_components VALUES(7,'link',1,'components_links_links',22,7);
INSERT INTO components_links_buttons_components VALUES(8,'link',1,'components_links_links',23,8);
CREATE TABLE "components_slices_heroes_components" ("id" integer not null primary key autoincrement, "field" varchar(255) not null, "order" integer not null, "component_type" varchar(255) not null, "component_id" integer not null, "components_slices_hero_id" integer not null, constraint "components_slices_hero_id_fk" foreign key("components_slices_hero_id") references "tmp_components_slices_heroes"("id") on delete CASCADE);
INSERT INTO components_slices_heroes_components VALUES(1,'buttons',1,'components_links_buttons',1,1);
INSERT INTO components_slices_heroes_components VALUES(2,'buttons',2,'components_links_buttons',2,1);
INSERT INTO components_slices_heroes_components VALUES(3,'buttons',1,'components_links_buttons',9,2);
INSERT INTO components_slices_heroes_components VALUES(4,'buttons',2,'components_links_buttons',10,2);
CREATE TABLE "components_slices_heroes" ("id" integer not null primary key autoincrement, "title" varchar(255) null, "label" varchar(255) null, "description" varchar(255) null, "smallTextWithLink" text null);
INSERT INTO components_slices_heroes VALUES(1,'Slack brings the team together, wherever you are','Work from home','With all of your communication and tools in one place, remote teams will stay productive no matter where you’re working from.','Need to create a workspace? [Get started](https://slack.com/get-started#/create)');
INSERT INTO components_slices_heroes VALUES(2,'The best way to build your Corporate Site','Strapi & Next starter','Get started with your Strapi and Next buiness site in seconds.','Want to build your own from scratch? Tutorial coming soon');
CREATE TABLE "components_slices_large_videos" ("id" integer not null primary key autoincrement, "title" varchar(255) null, "description" varchar(255) null);
INSERT INTO components_slices_large_videos VALUES(1,'Break out of the inbox','Working in channels gives everyone on your team a shared view of progress and purpose.');
CREATE TABLE "components_slices_feature_columns_groups_components" ("id" integer not null primary key autoincrement, "field" varchar(255) not null, "order" integer not null, "component_type" varchar(255) not null, "component_id" integer not null, "components_slices_feature_columns_group_id" integer not null, constraint "components_slices_feature_columns_group_id_fk" foreign key("components_slices_feature_columns_group_id") references "tmp_components_slices_feature_columns_groups"("id") on delete CASCADE);
INSERT INTO components_slices_feature_columns_groups_components VALUES(10,'FeatureColumn',1,'components_slices_feature_columns',10,4);
INSERT INTO components_slices_feature_columns_groups_components VALUES(11,'FeatureColumn',2,'components_slices_feature_columns',11,4);
INSERT INTO components_slices_feature_columns_groups_components VALUES(12,'FeatureColumn',3,'components_slices_feature_columns',12,4);
INSERT INTO components_slices_feature_columns_groups_components VALUES(13,'features',3,'components_slices_feature_columns',15,4);
INSERT INTO components_slices_feature_columns_groups_components VALUES(14,'features',2,'components_slices_feature_columns',14,4);
INSERT INTO components_slices_feature_columns_groups_components VALUES(15,'features',1,'components_slices_feature_columns',13,4);
INSERT INTO components_slices_feature_columns_groups_components VALUES(16,'features',3,'components_slices_feature_columns',18,5);
INSERT INTO components_slices_feature_columns_groups_components VALUES(17,'features',2,'components_slices_feature_columns',17,5);
INSERT INTO components_slices_feature_columns_groups_components VALUES(18,'features',1,'components_slices_feature_columns',16,5);
CREATE TABLE "components_slices_feature_columns" ("id" integer not null primary key autoincrement, "title" varchar(255) null, "description" text null);
INSERT INTO components_slices_feature_columns VALUES(10,'Conversations, organized','Instead of a single overstuffed inbox, conversations in Slack happen in dedicated spaces called channels.');
INSERT INTO components_slices_feature_columns VALUES(11,'Get looped in, not out','Slack makes it simple to follow conversations or find important information in an easily searchable archive.');
INSERT INTO components_slices_feature_columns VALUES(12,'Give focus a chance','Unlike email, Slack lets you choose which conversations are most important — and which can wait.');
INSERT INTO components_slices_feature_columns VALUES(13,'Conversations, organized','Instead of a single overstuffed inbox, conversations in Slack happen in dedicated spaces called channels.');
INSERT INTO components_slices_feature_columns VALUES(14,'Get looped in, not out','Slack makes it simple to follow conversations or find important information in an easily searchable archive.');
INSERT INTO components_slices_feature_columns VALUES(15,'Give focus a chance','Unlike email, Slack lets you choose which conversations are most important — and which can wait.');
INSERT INTO components_slices_feature_columns VALUES(16,'Preview your changes','Thanks to an integrated Preview Mode, you can visualize your pages before publishing them.');
INSERT INTO components_slices_feature_columns VALUES(17,'Fully responsive','This starter works well on all screens, whether it''s mobile, tablet or desktop.');
INSERT INTO components_slices_feature_columns VALUES(18,'Easy to customize','We use Tailwind for styling. You can change your site''s theme without digging through the code.');
CREATE TABLE "components_slices_feature_rows_groups_components" ("id" integer not null primary key autoincrement, "field" varchar(255) not null, "order" integer not null, "component_type" varchar(255) not null, "component_id" integer not null, "components_slices_feature_rows_group_id" integer not null, constraint "components_slices_feature_rows_group_id_fk" foreign key("components_slices_feature_rows_group_id") references "tmp_components_slices_feature_rows_groups"("id") on delete CASCADE);
INSERT INTO components_slices_feature_rows_groups_components VALUES(2,'features',1,'components_slices_feature_rows',2,2);
INSERT INTO components_slices_feature_rows_groups_components VALUES(8,'features',2,'components_slices_feature_rows',8,2);
INSERT INTO components_slices_feature_rows_groups_components VALUES(9,'features',2,'components_slices_feature_rows',10,3);
INSERT INTO components_slices_feature_rows_groups_components VALUES(10,'features',1,'components_slices_feature_rows',9,3);
CREATE TABLE "components_slices_feature_rows" ("id" integer not null primary key autoincrement, "title" varchar(255) null, "description" text null);
INSERT INTO components_slices_feature_rows VALUES(2,'Make the change to channels','Productive teamwork happens in channels — organized spaces for everything related to a project, topic or team.');
INSERT INTO components_slices_feature_rows VALUES(8,'Shared channels bring companies together','Now channels can help you work as closely with external partners and clients as you do with teams down the hall.');
INSERT INTO components_slices_feature_rows VALUES(9,'Let marketing teams build their pages','Thanks to a pre-built list of UI sections, marketers can design exactly the pages they want.');
INSERT INTO components_slices_feature_rows VALUES(10,'Leave your developers alone','You can publish, edit and delete pages without help from developers. Your technical team can finally focus on their tasks.');
CREATE TABLE "components_slices_feature_rows_components" ("id" integer not null primary key autoincrement, "field" varchar(255) not null, "order" integer not null, "component_type" varchar(255) not null, "component_id" integer not null, "components_slices_feature_row_id" integer not null, constraint "components_slices_feature_row_id_fk" foreign key("components_slices_feature_row_id") references "components_slices_feature_rows"("id") on delete CASCADE);
INSERT INTO components_slices_feature_rows_components VALUES(14,'link',1,'components_links_links',16,8);
INSERT INTO components_slices_feature_rows_components VALUES(15,'link',1,'components_links_links',17,2);
INSERT INTO components_slices_feature_rows_components VALUES(16,'link',1,'components_links_links',26,10);
INSERT INTO components_slices_feature_rows_components VALUES(17,'link',1,'components_links_links',27,9);
CREATE TABLE "components_slices_bottom_actions_components" ("id" integer not null primary key autoincrement, "field" varchar(255) not null, "order" integer not null, "component_type" varchar(255) not null, "component_id" integer not null, "components_slices_bottom_action_id" integer not null, constraint "components_slices_bottom_action_id_fk" foreign key("components_slices_bottom_action_id") references "tmp_components_slices_bottom_actions"("id") on delete CASCADE);
INSERT INTO components_slices_bottom_actions_components VALUES(1,'links',1,'components_links_buttons',3,1);
INSERT INTO components_slices_bottom_actions_components VALUES(2,'links',2,'components_links_buttons',4,1);
INSERT INTO components_slices_bottom_actions_components VALUES(5,'buttons',1,'components_links_buttons',7,1);
INSERT INTO components_slices_bottom_actions_components VALUES(6,'buttons',2,'components_links_buttons',8,1);
INSERT INTO components_slices_bottom_actions_components VALUES(8,'buttons',1,'components_links_buttons',13,3);
INSERT INTO components_slices_bottom_actions_components VALUES(9,'buttons',2,'components_links_buttons',14,3);
INSERT INTO components_slices_bottom_actions_components VALUES(12,'buttons',1,'components_links_buttons',18,5);
INSERT INTO components_slices_bottom_actions_components VALUES(13,'buttons',2,'components_links_buttons',19,5);
CREATE TABLE "components_slices_bottom_actions" ("id" integer not null primary key autoincrement, "title" varchar(255) null);
INSERT INTO components_slices_bottom_actions VALUES(1,'Choose a better way to work');
INSERT INTO components_slices_bottom_actions VALUES(3,'Start building your website');
INSERT INTO components_slices_bottom_actions VALUES(5,'Get in touch');
CREATE TABLE "components_slices_testimonials_components" ("id" integer not null primary key autoincrement, "field" varchar(255) not null, "order" integer not null, "component_type" varchar(255) not null, "component_id" integer not null, "components_slices_testimonial_id" integer not null, constraint "components_slices_testimonial_id_fk" foreign key("components_slices_testimonial_id") references "tmp_components_slices_testimonials"("id") on delete CASCADE);
CREATE TABLE "components_elements_logos" ("id" integer not null primary key autoincrement, "title" varchar(255) null);
INSERT INTO components_elements_logos VALUES(7,'airbnb');
INSERT INTO components_elements_logos VALUES(8,'Target');
INSERT INTO components_elements_logos VALUES(9,'Autodesk');
INSERT INTO components_elements_logos VALUES(10,'Oracle');
INSERT INTO components_elements_logos VALUES(11,'Ameritrade');
INSERT INTO components_elements_logos VALUES(12,'Electronic Arts');
INSERT INTO components_elements_logos VALUES(19,'Strapi 3');
INSERT INTO components_elements_logos VALUES(20,'Strapi');
INSERT INTO components_elements_logos VALUES(21,'Strapi 2');
CREATE TABLE "components_slices_testimonials_groups_components" ("id" integer not null primary key autoincrement, "field" varchar(255) not null, "order" integer not null, "component_type" varchar(255) not null, "component_id" integer not null, "components_slices_testimonials_group_id" integer not null, constraint "components_slices_testimonials_group_id_fk" foreign key("components_slices_testimonials_group_id") references "tmp_components_slices_testimonials_groups"("id") on delete CASCADE);
INSERT INTO components_slices_testimonials_groups_components VALUES(8,'link',1,'components_links_links',25,2);
INSERT INTO components_slices_testimonials_groups_components VALUES(9,'logos',1,'components_elements_logos',7,2);
INSERT INTO components_slices_testimonials_groups_components VALUES(10,'logos',3,'components_elements_logos',11,2);
INSERT INTO components_slices_testimonials_groups_components VALUES(11,'logos',4,'components_elements_logos',10,2);
INSERT INTO components_slices_testimonials_groups_components VALUES(12,'logos',5,'components_elements_logos',8,2);
INSERT INTO components_slices_testimonials_groups_components VALUES(13,'logos',6,'components_elements_logos',9,2);
INSERT INTO components_slices_testimonials_groups_components VALUES(14,'logos',2,'components_elements_logos',12,2);
INSERT INTO components_slices_testimonials_groups_components VALUES(15,'testimonials',1,'components_slices_testimonials',1,2);
INSERT INTO components_slices_testimonials_groups_components VALUES(20,'testimonials',2,'components_slices_testimonials',6,2);
INSERT INTO components_slices_testimonials_groups_components VALUES(30,'link',1,'components_links_links',67,4);
INSERT INTO components_slices_testimonials_groups_components VALUES(31,'logos',1,'components_elements_logos',20,4);
INSERT INTO components_slices_testimonials_groups_components VALUES(32,'logos',2,'components_elements_logos',21,4);
INSERT INTO components_slices_testimonials_groups_components VALUES(33,'logos',3,'components_elements_logos',19,4);
INSERT INTO components_slices_testimonials_groups_components VALUES(34,'testimonials',1,'components_slices_testimonials',9,4);
CREATE TABLE "reviews" ("id" integer not null primary key autoincrement, "created_at" datetime null default CURRENT_TIMESTAMP, "updated_at" datetime null default CURRENT_TIMESTAMP);
CREATE TABLE "components_slices_testimonials" ("id" integer not null primary key autoincrement, "text" text null, "authorName" varchar(255) null, "authorTitle" varchar(255) null, "link" varchar(255) null);
INSERT INTO components_slices_testimonials VALUES(1,'When managing three hubs nationally you can’t have a good conversation over email—it’s not quick enough. Coming together in Slack channels allows us to easily discuss day-to-day management topics. That’s invaluable.','Benjamin Sternsmith','Area Vice President of Sales, Lyft Business','https://slack.com/intl/en-fr/customer-stories/lyft');
INSERT INTO components_slices_testimonials VALUES(6,'The fact that Slack exists and is such an essential tool, it''s really helped us with scaling and still feeling connected to one another across remote offices and remote teams, even across continents.','Lisa Madokoro','Culture Specialist, Shopify','https://slack.com/intl/en-fr/customer-stories/shopify');
INSERT INTO components_slices_testimonials VALUES(9,'"Lorem ipsum dolor sit amet, consectetur adipiscing elit, sed do eiusmod tempor incididunt ut labore et dolore magna aliqua. Ut enim ad minim veniam, quis nostrud exercitation ullamco laboris nisi ut aliquip ex ea commodo consequat. Duis aute irure dolor in reprehenderit in voluptate velit esse cillum dolore eu fugiat nulla pariatur."','Your Customer Name','A happy customer','#');
CREATE TABLE "default_metadata" ("id" integer not null primary key autoincrement, "ogType" varchar(255) null, "locale" varchar(255) null, "twitterUsername" varchar(255) null, "siteName" varchar(255) null, "baseUrl" varchar(255) null, "created_at" datetime null default CURRENT_TIMESTAMP, "updated_at" datetime null default CURRENT_TIMESTAMP);
CREATE TABLE "globals_components" ("id" integer not null primary key autoincrement, "field" varchar(255) not null, "order" integer not null, "component_type" varchar(255) not null, "component_id" integer not null, "global_id" integer not null, constraint "global_id_fk" foreign key("global_id") references "tmp_globals"("id") on delete CASCADE);
INSERT INTO globals_components VALUES(1,'metadata',1,'components_meta_metadata',5,1);
INSERT INTO globals_components VALUES(5,'navLinks',1,'components_links_links',32,1);
INSERT INTO globals_components VALUES(6,'navLinks',2,'components_links_links',33,1);
INSERT INTO globals_components VALUES(7,'navLinks',3,'components_links_links',34,1);
INSERT INTO globals_components VALUES(8,'navButton',1,'components_links_buttons',11,1);
INSERT INTO globals_components VALUES(9,'footerSections',1,'components_links_footer_sections',1,1);
INSERT INTO globals_components VALUES(16,'footerSections',2,'components_links_footer_sections',8,1);
INSERT INTO globals_components VALUES(17,'footerSections',4,'components_links_footer_sections',9,1);
INSERT INTO globals_components VALUES(18,'footerSections',5,'components_links_footer_sections',10,1);
INSERT INTO globals_components VALUES(19,'footerSections',3,'components_links_footer_sections',11,1);
INSERT INTO globals_components VALUES(20,'notificationBanner',1,'components_elements_notification_banners',1,1);
INSERT INTO globals_components VALUES(21,'navbar',1,'components_layout_navbars',1,1);
INSERT INTO globals_components VALUES(22,'footer',1,'components_layout_footers',1,1);
CREATE TABLE "components_links_footer_sections" ("id" integer not null primary key autoincrement, "title" varchar(255) null);
INSERT INTO components_links_footer_sections VALUES(1,'Product');
INSERT INTO components_links_footer_sections VALUES(8,'Company');
INSERT INTO components_links_footer_sections VALUES(9,'Legal');
INSERT INTO components_links_footer_sections VALUES(10,'Social');
INSERT INTO components_links_footer_sections VALUES(11,'Resources');
INSERT INTO components_links_footer_sections VALUES(12,'Legal');
INSERT INTO components_links_footer_sections VALUES(13,'Company');
INSERT INTO components_links_footer_sections VALUES(14,'Social');
INSERT INTO components_links_footer_sections VALUES(15,'Product');
CREATE TABLE "components_links_footer_sections_components" ("id" integer not null primary key autoincrement, "field" varchar(255) not null, "order" integer not null, "component_type" varchar(255) not null, "component_id" integer not null, "components_links_footer_section_id" integer not null, constraint "components_links_footer_section_id_fk" foreign key("components_links_footer_section_id") references "components_links_footer_sections"("id") on delete CASCADE);
INSERT INTO components_links_footer_sections_components VALUES(1,'links',1,'components_links_links',35,1);
INSERT INTO components_links_footer_sections_components VALUES(2,'links',2,'components_links_links',36,1);
INSERT INTO components_links_footer_sections_components VALUES(15,'links',1,'components_links_links',49,8);
INSERT INTO components_links_footer_sections_components VALUES(16,'links',2,'components_links_links',50,8);
INSERT INTO components_links_footer_sections_components VALUES(17,'links',1,'components_links_links',51,9);
INSERT INTO components_links_footer_sections_components VALUES(18,'links',2,'components_links_links',52,9);
INSERT INTO components_links_footer_sections_components VALUES(19,'links',1,'components_links_links',53,10);
INSERT INTO components_links_footer_sections_components VALUES(20,'links',1,'components_links_links',54,11);
INSERT INTO components_links_footer_sections_components VALUES(21,'links',2,'components_links_links',55,10);
INSERT INTO components_links_footer_sections_components VALUES(22,'links',2,'components_links_links',56,11);
INSERT INTO components_links_footer_sections_components VALUES(23,'links',1,'components_links_links',59,12);
INSERT INTO components_links_footer_sections_components VALUES(24,'links',2,'components_links_links',60,12);
INSERT INTO components_links_footer_sections_components VALUES(25,'links',1,'components_links_links',61,13);
INSERT INTO components_links_footer_sections_components VALUES(26,'links',2,'components_links_links',62,13);
INSERT INTO components_links_footer_sections_components VALUES(27,'links',1,'components_links_links',63,14);
INSERT INTO components_links_footer_sections_components VALUES(28,'links',2,'components_links_links',64,14);
INSERT INTO components_links_footer_sections_components VALUES(29,'links',1,'components_links_links',65,15);
INSERT INTO components_links_footer_sections_components VALUES(30,'links',2,'components_links_links',66,15);
CREATE TABLE "pages_components" ("id" integer not null primary key autoincrement, "field" varchar(255) not null, "order" integer not null, "component_type" varchar(255) not null, "component_id" integer not null, "page_id" integer not null, constraint "page_id_fk" foreign key("page_id") references "tmp_pages"("id") on delete CASCADE);
INSERT INTO pages_components VALUES(3,'contentSections',1,'components_slices_heroes',2,2);
INSERT INTO pages_components VALUES(5,'contentSections',3,'components_slices_feature_columns_groups',5,2);
INSERT INTO pages_components VALUES(6,'contentSections',2,'components_slices_feature_rows_groups',3,2);
INSERT INTO pages_components VALUES(8,'metadata',1,'components_meta_metadata',4,2);
INSERT INTO pages_components VALUES(12,'contentSections',4,'components_slices_bottom_actions',3,2);
INSERT INTO pages_components VALUES(16,'metadata',1,'components_meta_metadata',9,3);
INSERT INTO pages_components VALUES(17,'contentSections',1,'components_sections_rich_texts',1,3);
INSERT INTO pages_components VALUES(18,'contentSections',5,'components_slices_testimonials_groups',4,2);
INSERT INTO pages_components VALUES(19,'metadata',1,'components_meta_metadata',10,4);
INSERT INTO pages_components VALUES(20,'contentSections',1,'components_sections_pricings',1,4);
INSERT INTO pages_components VALUES(21,'contentSections',2,'components_slices_bottom_actions',5,3);
CREATE TABLE "components_slices_testimonials_groups" ("id" integer not null primary key autoincrement, "title" varchar(255) null, "description" text null);
INSERT INTO components_slices_testimonials_groups VALUES(2,'Trusted the world over','Teams of every size, shape and kind have already made Slack the place where their work happens.');
INSERT INTO components_slices_testimonials_groups VALUES(4,'Your customer testimonials here','This section is where you can showcase your customers. Insert quotes, and show the logos of companies who like your product');
CREATE TABLE "components_slices_feature_columns_groups" ("id" integer not null primary key autoincrement);
INSERT INTO components_slices_feature_columns_groups VALUES(4);
INSERT INTO components_slices_feature_columns_groups VALUES(5);
CREATE TABLE "components_slices_feature_rows_groups" ("id" integer not null primary key autoincrement);
INSERT INTO components_slices_feature_rows_groups VALUES(2);
INSERT INTO components_slices_feature_rows_groups VALUES(3);
CREATE TABLE "homepages" ("id" integer not null primary key autoincrement, "created_at" datetime null default CURRENT_TIMESTAMP, "updated_at" datetime null default CURRENT_TIMESTAMP);
INSERT INTO homepages VALUES(1,1593523536851,1593523536851);
CREATE TABLE "components_links_links" ("id" integer not null primary key autoincrement, "url" varchar(255) null, "newTab" boolean null, "text" varchar(255) null);
INSERT INTO components_links_links VALUES(1,NULL,0,'Try Slack for free');
INSERT INTO components_links_links VALUES(2,NULL,0,'Learn more');
INSERT INTO components_links_links VALUES(16,NULL,0,'See how with shared channels');
INSERT INTO components_links_links VALUES(17,NULL,0,'Learn more about channels');
INSERT INTO components_links_links VALUES(18,NULL,0,'Contact sales');
INSERT INTO components_links_links VALUES(19,NULL,0,'Try Slack');
INSERT INTO components_links_links VALUES(22,NULL,0,'Try Slack');
INSERT INTO components_links_links VALUES(23,NULL,0,'Contact sales');
INSERT INTO components_links_links VALUES(25,NULL,0,'See all customer stories');
INSERT INTO components_links_links VALUES(26,'#',0,'View how to create a page');
INSERT INTO components_links_links VALUES(27,'#',0,'View the list of UI sections');
INSERT INTO components_links_links VALUES(32,'/pricing',0,'Pricing');
INSERT INTO components_links_links VALUES(33,'/features',0,'Features');
INSERT INTO components_links_links VALUES(34,'/contact',0,'Contact');
INSERT INTO components_links_links VALUES(35,'/features',0,'Features');
INSERT INTO components_links_links VALUES(36,'/login',0,'Log in');
INSERT INTO components_links_links VALUES(49,'/careers',0,'Careers');
INSERT INTO components_links_links VALUES(50,'/offices',0,'Offices');
INSERT INTO components_links_links VALUES(51,'/privacy',0,'Privacy policy');
INSERT INTO components_links_links VALUES(52,'/terms',0,'Terms of use');
INSERT INTO components_links_links VALUES(53,'https://twitter.com/slackhq',1,'Twitter');
INSERT INTO components_links_links VALUES(54,'/docs',0,'Documentation');
INSERT INTO components_links_links VALUES(55,'https://www.facebook.com/slack',1,'Facebook');
INSERT INTO components_links_links VALUES(56,'/blog',0,'Blog');
INSERT INTO components_links_links VALUES(57,'/pricing',0,'Pricing');
INSERT INTO components_links_links VALUES(58,'/contact',0,'Contact');
INSERT INTO components_links_links VALUES(59,'#',0,'Privacy policy');
INSERT INTO components_links_links VALUES(60,'#',0,'Terms & conditions');
INSERT INTO components_links_links VALUES(61,'#',0,'Careers');
INSERT INTO components_links_links VALUES(62,'#',0,'Team');
INSERT INTO components_links_links VALUES(63,'#',0,'Twitter');
INSERT INTO components_links_links VALUES(64,'#',0,'LinkedIn');
INSERT INTO components_links_links VALUES(65,'#',0,'Features');
INSERT INTO components_links_links VALUES(66,'#',0,'Sign up');
INSERT INTO components_links_links VALUES(67,'#',0,'All testimonials');
CREATE TABLE "components_meta_metadata" ("id" integer not null primary key autoincrement, "metaTitle" varchar(255) not null, "metaDescription" text not null, "twitterCardType" varchar(255) null, "twitterUsername" varchar(255) null);
INSERT INTO components_meta_metadata VALUES(2,'Where work happens','Slack is where work flows. It''s where the people you need, the information you share, and the tools you use come together to get things done.','summary_large_image','strapijs');
INSERT INTO components_meta_metadata VALUES(4,'Strapi+Next corporate site starter','Build a fully editable site with Strapi and Next','summary_large_image','strapijs');
INSERT INTO components_meta_metadata VALUES(5,'Strapi+Next starter for Corporate Sites','Build you corporate site with Strapi and Next','summary','strapijs');
INSERT INTO components_meta_metadata VALUES(9,'Contact','Get in touch with our team','summary',NULL);
INSERT INTO components_meta_metadata VALUES(10,'Pricing','The different plans','summary',NULL);
CREATE TABLE "notification_banners" ("id" integer not null primary key autoincrement, "text" text null, "type" varchar(255) null, "created_at" datetime null default CURRENT_TIMESTAMP, "updated_at" datetime null default CURRENT_TIMESTAMP);
CREATE TABLE "components_elements_notification_banners" ("id" integer not null primary key autoincrement, "text" text null, "type" varchar(255) not null);
INSERT INTO components_elements_notification_banners VALUES(1,replace('This page was built using the Strapi+Next starter for Coporate Sites.\n[View other Strapi starters](https://github.com/strapi?q=starter&type=&language=)','\n',char(10)),'info');
CREATE TABLE "components_layout_navbars_components" ("id" integer not null primary key autoincrement, "field" varchar(255) not null, "order" integer not null, "component_type" varchar(255) not null, "component_id" integer not null, "components_layout_navbar_id" integer not null, constraint "components_layout_navbar_id_fk" foreign key("components_layout_navbar_id") references "tmp_components_layout_navbars"("id") on delete CASCADE);
INSERT INTO components_layout_navbars_components VALUES(1,'links',1,'components_links_links',57,1);
INSERT INTO components_layout_navbars_components VALUES(2,'links',2,'components_links_links',58,1);
INSERT INTO components_layout_navbars_components VALUES(3,'button',1,'components_links_buttons',17,1);
CREATE TABLE "components_layout_navbars" ("id" integer not null primary key autoincrement);
INSERT INTO components_layout_navbars VALUES(1);
CREATE TABLE "components_layout_footers" ("id" integer not null primary key autoincrement, "smallText" varchar(255) null);
INSERT INTO components_layout_footers VALUES(1,'© Copyright My Company™');
CREATE TABLE "components_layout_footers_components" ("id" integer not null primary key autoincrement, "field" varchar(255) not null, "order" integer not null, "component_type" varchar(255) not null, "component_id" integer not null, "components_layout_footer_id" integer not null, constraint "components_layout_footer_id_fk" foreign key("components_layout_footer_id") references "components_layout_footers"("id") on delete CASCADE);
INSERT INTO components_layout_footers_components VALUES(1,'columns',2,'components_links_footer_sections',12,1);
INSERT INTO components_layout_footers_components VALUES(2,'columns',3,'components_links_footer_sections',13,1);
INSERT INTO components_layout_footers_components VALUES(3,'columns',4,'components_links_footer_sections',14,1);
INSERT INTO components_layout_footers_components VALUES(4,'columns',1,'components_links_footer_sections',15,1);
CREATE TABLE "globals" ("id" integer not null primary key autoincrement, "metaTitleSuffix" varchar(255) not null, "created_at" datetime null default CURRENT_TIMESTAMP, "updated_at" datetime null default CURRENT_TIMESTAMP);
INSERT INTO globals VALUES(1,'Strapi+Next',1593794672429,1595255657668);
CREATE TABLE "components_links_buttons" ("id" integer not null primary key autoincrement, "url" varchar(255) null, "newTab" boolean null, "text" varchar(255) null, "type" varchar(255) null);
INSERT INTO components_links_buttons VALUES(1,NULL,NULL,NULL,NULL);
INSERT INTO components_links_buttons VALUES(2,NULL,NULL,NULL,NULL);
INSERT INTO components_links_buttons VALUES(3,NULL,NULL,NULL,NULL);
INSERT INTO components_links_buttons VALUES(4,NULL,NULL,NULL,NULL);
INSERT INTO components_links_buttons VALUES(7,NULL,NULL,NULL,NULL);
INSERT INTO components_links_buttons VALUES(8,NULL,NULL,NULL,NULL);
INSERT INTO components_links_buttons VALUES(9,'#',0,'1-click deploy','primary');
INSERT INTO components_links_buttons VALUES(10,'/features',0,'View on GitHub','secondary');
INSERT INTO components_links_buttons VALUES(11,'#',0,'Sign in',NULL);
INSERT INTO components_links_buttons VALUES(13,'#',0,'One-click deploy','primary');
INSERT INTO components_links_buttons VALUES(14,'#',0,'View on GitHub','secondary');
INSERT INTO components_links_buttons VALUES(17,'#',0,'Sign up','secondary');
INSERT INTO components_links_buttons VALUES(18,'#',0,'Send an email','primary');
INSERT INTO components_links_buttons VALUES(19,'#',0,'DM us on Twitter','secondary');
CREATE TABLE "components_sections_rich_texts" ("id" integer not null primary key autoincrement, "content" text null);
INSERT INTO components_sections_rich_texts VALUES(1,replace('# Get in touch\n\n> This is an example of a page that relies almost entirely on the RichText section. It''s useful for blog articles, or content-heavy pages like legal terms.\n\nWe''d love to hear from you.\n\n## Social media\n\n* [Twitter](#)\n* [Twitter](#)\n* [Twitter](#)\n\n## Postal address\n\n404 Headless Street\n__92210__ **Saint Cloud**, *France*\n\nLorem ipsum dolor sit amet, consectetur adipiscing elit, sed do eiusmod tempor incididunt ut labore et dolore magna aliqua. Ut enim ad minim veniam, quis nostrud exercitation ullamco laboris nisi ut aliquip ex ea commodo consequat. Duis aute irure dolor in reprehenderit in voluptate velit esse cillum dolore eu fugiat nulla pariatur. Excepteur sint occaecat cupidatat non proident, sunt in culpa qui officia deserunt mollit anim id est laborum.','\n',char(10)));
CREATE TABLE "components_elements_features" ("id" integer not null primary key autoincrement, "name" varchar(255) null);
INSERT INTO components_elements_features VALUES(1,'A cool feature');
INSERT INTO components_elements_features VALUES(2,'Another cool feature');
INSERT INTO components_elements_features VALUES(3,'Some other cool feature');
INSERT INTO components_elements_features VALUES(4,'Cool feature');
INSERT INTO components_elements_features VALUES(5,'Nice feature');
INSERT INTO components_elements_features VALUES(6,'Fun feature');
INSERT INTO components_elements_features VALUES(7,'Amazing feature');
INSERT INTO components_elements_features VALUES(8,'Wow effect feature');
INSERT INTO components_elements_features VALUES(9,'Mesmerizing feature');
CREATE TABLE "components_sections_pricings_components" ("id" integer not null primary key autoincrement, "field" varchar(255) not null, "order" integer not null, "component_type" varchar(255) not null, "component_id" integer not null, "components_sections_pricing_id" integer not null, constraint "components_sections_pricing_id_fk" foreign key("components_sections_pricing_id") references "tmp_components_sections_pricings"("id") on delete CASCADE);
INSERT INTO components_sections_pricings_components VALUES(1,'plans',1,'components_elements_plans',1,1);
INSERT INTO components_sections_pricings_components VALUES(2,'plans',2,'components_elements_plans',2,1);
INSERT INTO components_sections_pricings_components VALUES(3,'plans',3,'components_elements_plans',3,1);
CREATE TABLE "components_sections_pricings" ("id" integer not null primary key autoincrement, "title" varchar(255) null);
INSERT INTO components_sections_pricings VALUES(1,'Clear pricing table');
CREATE TABLE "components_elements_plans_components" ("id" integer not null primary key autoincrement, "field" varchar(255) not null, "order" integer not null, "component_type" varchar(255) not null, "component_id" integer not null, "components_elements_plan_id" integer not null, constraint "components_elements_plan_id_fk" foreign key("components_elements_plan_id") references "tmp_components_elements_plans"("id") on delete CASCADE);
INSERT INTO components_elements_plans_components VALUES(1,'features',1,'components_elements_features',1,1);
INSERT INTO components_elements_plans_components VALUES(2,'features',2,'components_elements_features',2,1);
INSERT INTO components_elements_plans_components VALUES(3,'features',3,'components_elements_features',3,1);
INSERT INTO components_elements_plans_components VALUES(4,'features',1,'components_elements_features',4,2);
INSERT INTO components_elements_plans_components VALUES(5,'features',3,'components_elements_features',6,2);
INSERT INTO components_elements_plans_components VALUES(6,'features',2,'components_elements_features',5,2);
INSERT INTO components_elements_plans_components VALUES(7,'features',3,'components_elements_features',9,3);
INSERT INTO components_elements_plans_components VALUES(8,'features',1,'components_elements_features',7,3);
INSERT INTO components_elements_plans_components VALUES(9,'features',2,'components_elements_features',8,3);
CREATE TABLE "pages" ("id" integer not null primary key autoincrement, "slug" varchar(255) null, "shortName" varchar(255) null, "status" varchar(255) not null, "created_at" datetime null default CURRENT_TIMESTAMP, "updated_at" datetime null default CURRENT_TIMESTAMP);
INSERT INTO pages VALUES(2,'','Home','published',1593792405721,1594890407301);
INSERT INTO pages VALUES(3,'contact','Contact','published',1595322232365,1595322232365);
INSERT INTO pages VALUES(4,'pricing','Pricing','published',1595334125021,1595339343138);
CREATE TABLE "components_elements_plans" ("id" integer not null primary key autoincrement, "name" varchar(255) null, "description" text null, "isRecommended" boolean null, "price" float null, "pricePeriod" varchar(255) null);
INSERT INTO components_elements_plans VALUES(1,'Hobby','Perfect for side projects',NULL,0.0,'forever');
INSERT INTO components_elements_plans VALUES(2,'Premium','A more advanced plan for SMBs',1,20.0,'per month');
INSERT INTO components_elements_plans VALUES(3,'Enterprise','For large companies',NULL,198.99999999999999999,'per month');
DELETE FROM sqlite_sequence;
INSERT INTO sqlite_sequence VALUES('core_store',86);
INSERT INTO sqlite_sequence VALUES('users-permissions_role',2);
INSERT INTO sqlite_sequence VALUES('users-permissions_permission',206);
INSERT INTO sqlite_sequence VALUES('strapi_administrator',1);
INSERT INTO sqlite_sequence VALUES('components_slices_heroes',2);
INSERT INTO sqlite_sequence VALUES('upload_file',34);
INSERT INTO sqlite_sequence VALUES('components_links_buttons_components',8);
INSERT INTO sqlite_sequence VALUES('components_slices_heroes_components',4);
INSERT INTO sqlite_sequence VALUES('upload_file_morph',1688);
INSERT INTO sqlite_sequence VALUES('homepages_components',13);
INSERT INTO sqlite_sequence VALUES('components_slices_large_videos',3);
INSERT INTO sqlite_sequence VALUES('components_slices_feature_columns',18);
INSERT INTO sqlite_sequence VALUES('components_slices_feature_columns_groups_components',18);
INSERT INTO sqlite_sequence VALUES('components_slices_feature_rows_groups_components',10);
INSERT INTO sqlite_sequence VALUES('components_slices_feature_rows',10);
INSERT INTO sqlite_sequence VALUES('components_slices_feature_rows_components',17);
INSERT INTO sqlite_sequence VALUES('components_slices_bottom_actions_components',13);
INSERT INTO sqlite_sequence VALUES('components_slices_bottom_actions',5);
INSERT INTO sqlite_sequence VALUES('components_slices_testimonials_groups_components',34);
INSERT INTO sqlite_sequence VALUES('components_elements_logos',21);
INSERT INTO sqlite_sequence VALUES('reviews',0);
INSERT INTO sqlite_sequence VALUES('components_slices_testimonials',9);
INSERT INTO sqlite_sequence VALUES('default_metadata',1);
INSERT INTO sqlite_sequence VALUES('components_slices_testimonials_groups',4);
INSERT INTO sqlite_sequence VALUES('components_slices_feature_columns_groups',5);
INSERT INTO sqlite_sequence VALUES('components_slices_feature_rows_groups',3);
INSERT INTO sqlite_sequence VALUES('homepages',1);
INSERT INTO sqlite_sequence VALUES('pages_components',21);
INSERT INTO sqlite_sequence VALUES('globals_components',22);
INSERT INTO sqlite_sequence VALUES('components_links_footer_sections',15);
INSERT INTO sqlite_sequence VALUES('components_links_footer_sections_components',30);
INSERT INTO sqlite_sequence VALUES('components_links_links',67);
INSERT INTO sqlite_sequence VALUES('components_meta_metadata',10);
INSERT INTO sqlite_sequence VALUES('components_elements_notification_banners',1);
INSERT INTO sqlite_sequence VALUES('components_layout_navbars',1);
INSERT INTO sqlite_sequence VALUES('components_layout_footers',1);
INSERT INTO sqlite_sequence VALUES('globals',1);
INSERT INTO sqlite_sequence VALUES('components_layout_navbars_components',3);
INSERT INTO sqlite_sequence VALUES('components_layout_footers_components',4);
INSERT INTO sqlite_sequence VALUES('components_links_buttons',19);
INSERT INTO sqlite_sequence VALUES('components_sections_rich_texts',1);
INSERT INTO sqlite_sequence VALUES('components_sections_pricings',1);
INSERT INTO sqlite_sequence VALUES('pages',4);
INSERT INTO sqlite_sequence VALUES('components_elements_features',9);
INSERT INTO sqlite_sequence VALUES('components_elements_plans_components',9);
INSERT INTO sqlite_sequence VALUES('components_sections_pricings_components',3);
INSERT INTO sqlite_sequence VALUES('components_elements_plans',3);
CREATE UNIQUE INDEX "strapi_administrator_username_unique" on "strapi_administrator" ("username");
CREATE UNIQUE INDEX "users-permissions_role_type_unique" on "users-permissions_role" ("type");
CREATE UNIQUE INDEX "users-permissions_user_username_unique" on "users-permissions_user" ("username");
CREATE UNIQUE INDEX "pages_slug_unique" on "pages" ("slug");
COMMIT;
